Nama Produk,Tahun Rilis,CPU,Kapasitas Baterai,RAM,Memori Internal,Kamera Utama,Kamera Selfie,Resolusi,Tipe Layar,Operasi Sistem
Sony Xperia acro au IS11S,Jun 2011,Qualcomm Snapdragon S2 MSM8655,1500 mAh,512 MB,1 GB,8 MP,-,480x854,Color PVA TFT LCD,Google Android 2.3 (Gingerbread)
Sony Xperia NX SO-02D  (Sony Nozomi),Feb 2012,Qualcomm Snapdragon S3 MSM8260,1750 mAh,1 GB,32 GB,12 MP,1 MP,720x1280,Color PVA TFT LCD,Google Android 2.3.7 (Gingerbread)
Sony Xperia acro HD SO-03D  (Sony Hikari),Mar 2012,Qualcomm Snapdragon S3 MSM8260,1840 mAh,1 GB,16 GB,12 MP,1 MP,720x1280,Color PVA TFT LCD,Google Android 2.3.7 (Gingerbread)
Sony Xperia S LT26 / LT26i / Arc HD  (Sony Nozomi),Mar 2012,Qualcomm Snapdragon S3 MSM8260,1750 mAh,1 GB,4 GB,12 MP,1 MP,720x1280,Color PVA TFT LCD,Google Android 2.3.7 (Gingerbread)
Sony Xperia acro HD IS12S  (Sony Hayate),Apr 2012,Qualcomm Snapdragon S3 MSM8660,1840 mAh,1 GB,16 GB,12 MP,1 MP,720x1280,Color PVA TFT LCD,Google Android 2.3.7 (Gingerbread)
Sony Xperia U ST25 / ST25i  (Sony Kumquat),May 2012,ST-Ericsson NovaThor U8500,1320 mAh,512 MB,8 GB,5 MP,1 MP,480x854,Color PVA TFT LCD,Google Android 2.3.7 (Gingerbread)
Sony Xperia Sola MT27 / MT27i  (Sony Pepper),May 2012,ST-Ericsson NovaThor U8500,1320 mAh,512 MB,8 GB,5 MP,-,480x854,Color PVA TFT LCD,Google Android 2.3.7 (Gingerbread)
Sony Xperia P LT22 / LT22i  (Sony Nyphon),May 2012,ST-Ericsson NovaThor U8500,1300 mAh,1 GB,16 GB,8 MP,1 MP,540x960,Color PVA TFT LCD,Google Android 2.3.7 (Gingerbread)
Sony Xperia U ST25a  (Sony Kumquat),May 2012,ST-Ericsson NovaThor U8500,1320 mAh,512 MB,8 GB,5 MP,1 MP,480x854,Color PVA TFT LCD,Google Android 2.3.7 (Gingerbread)
Sony Xperia SX SO-05D,Jun 2012,Qualcomm Snapdragon S4 MSM8960,1500 mAh,1 GB,8 GB,8 MP,-,540x960,Color PVA TFT LCD,Google Android 4.0.4 (Ice Cream Sandwich)
Sony Xperia Ion LT28 / LT28i  (Sony Aoba),Jun 2012,Qualcomm Snapdragon S3 MSM8260,1900 mAh,1 GB,16 GB,12 MP,1 MP,720x1280,Color PVA TFT LCD,Google Android 2.3.7 (Gingerbread)
Sony Xperia Ion LT28at  (Sony Aoba),Jun 2012,Qualcomm Snapdragon S3 MSM8260,1900 mAh,1 GB,16 GB,12 MP,1 MP,720x1280,Color PVA TFT LCD,Google Android 2.3.7 (Gingerbread)
Sony Xperia Neo L MT25 / MT25i,Jul 2012,Qualcomm Snapdragon S2 MSM8255,1500 mAh,512 MB,1 GB,5 MP,1 MP,480x854,Color PVA TFT LCD,Google Android 4.0.3 (Ice Cream Sandwich)
Sony Xperia Tipo ST21 / ST21i  (Sony Tapioca SS),Jul 2012,Qualcomm MSM7225A (Snapdragon S1),1460 mAh,512 MB,4 GB,3 MP,-,320x480,Color TN-TFT LCD,Google Android 4.0.3 (Ice Cream Sandwich)
Sony Xperia Miro ST23 / ST23i  (Sony Mesona),Jul 2012,Qualcomm MSM7225A (Snapdragon S1),1500 mAh,512 MB,4 GB,5 MP,1 MP,320x480,Color TN-TFT LCD,Google Android 4.0.4 (Ice Cream Sandwich)
Sony Xperia GX SO-04D  (Sony Hayabusa),Aug 2012,Qualcomm Snapdragon S4 MSM8960,1700 mAh,1 GB,16 GB,13 MP,1 MP,720x1280,Color PVA TFT LCD,Google Android 4.0.4 (Ice Cream Sandwich)
Sony Xperia acro S LT26w  (Sony Hikari),Aug 2012,Qualcomm Snapdragon S3 MSM8260,1910 mAh,1 GB,16 GB,12 MP,1 MP,720x1280,Color PVA TFT LCD,Google Android 4.0.4 (Ice Cream Sandwich)
Sony Xperia go ST27 / ST27i  (Sony Lotus),Aug 2012,ST-Ericsson NovaThor U8500,1305 mAh,512 MB,8 GB,5 MP,-,320x480,Color PVA TFT LCD,Google Android 2.3.7 (Gingerbread)
Sony Xperia advance ST27a  (Sony Lotus),Aug 2012,ST-Ericsson NovaThor U8500,1305 mAh,512 MB,8 GB,5 MP,-,320x480,Color PVA TFT LCD,Google Android 2.3.7 (Gingerbread)
Sony Xperia Tipo Dual ST21i2  (Sony Tapioca DS),Aug 2012,Qualcomm MSM7225A (Snapdragon S1),1460 mAh,512 MB,4 GB,3 MP,-,320x480,Color TN-TFT LCD,Google Android 4.0.3 (Ice Cream Sandwich)
Sony Xperia Ion HSPA LT28h  (Sony Aoba),Sep 2012,Qualcomm Snapdragon S3 MSM8260,1900 mAh,1 GB,16 GB,12 MP,1 MP,720x1280,Color PVA TFT LCD,Google Android 2.3.7 (Gingerbread)
Sony Xperia J ST26 / ST26i  (Sony JLo),Sep 2012,Qualcomm MSM7227A (Snapdragon S1),1750 mAh,512 MB,4 GB,5 MP,1 MP,480x854,Color TN-TFT LCD,Google Android 4.0.4 (Ice Cream Sandwich)
Sony Xperia Miro ST23a  (Sony Mesona),Sep 2012,Qualcomm MSM7225A (Snapdragon S1),1500 mAh,512 MB,4 GB,5 MP,1 MP,320x480,Color TN-TFT LCD,Google Android 4.0.4 (Ice Cream Sandwich)
Sony Xperia TX LT29 / Xperia T LT29i  (Sony Hayabusa),Sep 2012,Qualcomm Snapdragon S4 MSM8260A,1750 mAh,1 GB,16 GB,13 MP,1 MP,720x1280,Color PVA TFT LCD,Google Android 4.0.4 (Ice Cream Sandwich)
Sony Xperia SL LT26ii,Sep 2012,Qualcomm Snapdragon S3 MSM8260,-,1 GB,32 GB,12 MP,1 MP,720x1280,Color PVA TFT LCD,Google Android 4.0.4 (Ice Cream Sandwich)
Sony Xperia T LT30p  (Sony Mint Rita),Sep 2012,Qualcomm Snapdragon S4 MSM8260A,1850 mAh,1 GB,32 GB,13 MP,1 MP,720x1280,Color PVA TFT LCD,Google Android 4.0.4 (Ice Cream Sandwich)
Sony Xperia Tipo ST21a  (Sony Tapioca SS),Sep 2012,Qualcomm MSM7225A (Snapdragon S1),1460 mAh,512 MB,4 GB,3 MP,-,320x480,Color TN-TFT LCD,Google Android 4.0.3 (Ice Cream Sandwich)
Sony Xperia Tipo Dual ST21a2  (Sony Tapioca DS),Sep 2012,Qualcomm MSM7225A (Snapdragon S1),1460 mAh,512 MB,4 GB,3 MP,-,320x480,Color TN-TFT LCD,Google Android 4.0.3 (Ice Cream Sandwich)
Sony Xperia T LT30at  (Sony Mint Amy),Oct 2012,Qualcomm Snapdragon S4 MSM8960,1850 mAh,1 GB,16 GB,13 MP,1 MP,720x1280,Color PVA TFT LCD,Google Android 4.0.4 (Ice Cream Sandwich)
Sony Xperia V LT25 / LT25i  (Sony Tsubasa),Oct 2012,Qualcomm Snapdragon S4 MSM8960,1700 mAh,1 GB,8 GB,13 MP,1 MP,720x1280,Color PVA TFT LCD,Google Android 4.0.4 (Ice Cream Sandwich)
Sony Xperia J ST26a  (Sony JLo),Oct 2012,Qualcomm MSM7227A (Snapdragon S1),1750 mAh,512 MB,4 GB,5 MP,1 MP,480x854,Color TN-TFT LCD,Google Android 4.0.4 (Ice Cream Sandwich)
Sony Xperia VL SOL21  (Sony Tsubasa),Nov 2012,Qualcomm Snapdragon S4 MSM8960,1700 mAh,1 GB,16 GB,13 MP,1 MP,720x1280,Color PVA TFT LCD,Google Android 4.0.4 (Ice Cream Sandwich)
Sony Xperia AX SO-01E   (Sony Tsubasa),Nov 2012,Qualcomm Snapdragon S4 MSM8960,1750 mAh,1 GB,16 GB,13 MP,1 MP,720x1280,Color PVA TFT LCD,Google Android 4.0.4 (Ice Cream Sandwich)
Sony Xperia V LT25c  (Sony Tsubasa Xin),Nov 2012,Qualcomm Snapdragon S4 MSM8660A,1750 mAh,1 GB,8 GB,13 MP,1 MP,720x1280,Color PVA TFT LCD,Google Android 4.0.4 (Ice Cream Sandwich)
Sony Xperia TL LT30a  (Sony Mint),Nov 2012,Qualcomm Snapdragon S4 MSM8260A,1850 mAh,1 GB,16 GB,13 MP,1 MP,720x1280,Color PVA TFT LCD,Google Android 4.0.4 (Ice Cream Sandwich)
Sony Xperia E dual C1604  (Sony Nanhu DS),Jan 2013,Qualcomm MSM7227A (Snapdragon S1),1530 mAh,512 MB,4 GB,5 MP,-,320x480,Color TN-TFT LCD,Google Android 4.1.1 (Jelly Bean)
Sony Xperia E dual C1605  (Sony Nanhu DS),Jan 2013,Qualcomm MSM7227A (Snapdragon S1),1530 mAh,512 MB,4 GB,5 MP,-,320x480,Color TN-TFT LCD,Google Android 4.1.1 (Jelly Bean)
Sony Xperia E C1504  (Sony Nanhu SS),Feb 2013,Qualcomm MSM7227A (Snapdragon S1),1530 mAh,512 MB,4 GB,5 MP,-,320x480,Color TN-TFT LCD,Google Android 4.1.1 (Jelly Bean)
Sony Xperia E C1505  (Sony Nanhu SS),Feb 2013,Qualcomm MSM7227A (Snapdragon S1),1530 mAh,512 MB,4 GB,5 MP,-,320x480,Color TN-TFT LCD,Google Android 4.1.1 (Jelly Bean)
Sony Xperia Z L36h C6602  (Sony Yuga),Feb 2013,Qualcomm Snapdragon S4 Pro APQ8064,2330 mAh,2 GB,16 GB,13 MP,2 MP,1080x1920,Color PVA TFT LCD,Google Android 4.1.2 (Jelly Bean)
Sony Xperia Z L36i C6603  (Sony Yuga),Feb 2013,Qualcomm Snapdragon S4 Pro APQ8064,2330 mAh,2 GB,16 GB,13 MP,2 MP,1080x1920,Color PVA TFT LCD,Google Android 4.1.2 (Jelly Bean)
Sony Xperia Z SO-02E / Fusion  (Sony Yuga),Mar 2013,Qualcomm Snapdragon S4 Pro APQ8064,2330 mAh,2 GB,16 GB,11 MP,2 MP,1080x1920,Color PVA TFT LCD,Google Android 4.1.1 (Jelly Bean)
Sony Xperia SP LTE C5306  (Sony HuaShan),Apr 2013,Qualcomm Snapdragon S4 Pro MSM8960T,2370 mAh,1 GB,8 GB,8 MP,1 MP,720x1280,Color PVA TFT LCD,Google Android 4.1.2 (Jelly Bean)
Sony Xperia SP LTE M35i C5303  (Sony HuaShan Rex),Apr 2013,Qualcomm Snapdragon S4 Pro MSM8960T,2370 mAh,1 GB,8 GB,8 MP,1 MP,720x1280,Color PVA TFT LCD,Google Android 4.1.2 (Jelly Bean)
Sony Xperia SP M35h C5302  (Sony HuaShan Rita),Apr 2013,Qualcomm Snapdragon 400 MSM8230AB (Snapdragon 400),2370 mAh,1 GB,8 GB,8 MP,1 MP,720x1280,Color PVA TFT LCD,Google Android 4.1.2 (Jelly Bean)
Sony Xperia L S36h C2105  (Sony TaoShan),Apr 2013,Qualcomm Snapdragon 400 MSM8230 (Snapdragon S4),1750 mAh,1 GB,8 GB,8 MP,1 MP,480x854,Color PVA TFT LCD,Google Android 4.1.2 (Jelly Bean)
Sony Xperia ZL L35h C6502  (Sony Odin Rita),Apr 2013,Qualcomm Snapdragon S4 Pro APQ8064,2370 mAh,2 GB,16 GB,13 MP,2 MP,1080x1920,Color PVA TFT LCD,Google Android 4.1.2 (Jelly Bean)
Sony Xperia ZL L35i C6503 / Xperia ZQ  (Sony Odin Gina),Apr 2013,Qualcomm Snapdragon S4 Pro APQ8064,2370 mAh,2 GB,16 GB,13 MP,2 MP,1080x1920,Color PVA TFT LCD,Google Android 4.1.2 (Jelly Bean)
Sony Xperia ZL L35a C6506  (Sony Odin Rimy),Apr 2013,Qualcomm Snapdragon S4 Pro APQ8064,2370 mAh,2 GB,16 GB,13 MP,2 MP,1080x1920,Color PVA TFT LCD,Google Android 4.1.2 (Jelly Bean)
Sony Xperia SP M35c  (Sony HuaShan Xin),May 2013,Qualcomm Snapdragon S4 Pro MSM8960T,2370 mAh,1 GB,16 GB,8 MP,1 MP,720x1280,Color PVA TFT LCD,Google Android 4.1.2 (Jelly Bean)
Sony Xperia Z L36a C6606  (Sony Yuga Rex),May 2013,Qualcomm Snapdragon S4 Pro APQ8064,2330 mAh,2 GB,16 GB,13 MP,2 MP,1080x1920,Color PVA TFT LCD,Google Android 4.1.2 (Jelly Bean)
Sony Xperia A SO-04E  (Sony Dogo Maki),May 2013,Qualcomm Snapdragon S4 Pro APQ8064,2300 mAh,2 GB,32 GB,12 MP,1 MP,720x1280,Color PVA TFT LCD,Google Android 4.1.2 (Jelly Bean)
Sony Xperia L S36h C2104  (Sony TaoShan),May 2013,Qualcomm Snapdragon 400 MSM8230 (Snapdragon S4),1750 mAh,1 GB,8 GB,8 MP,1 MP,480x854,Color PVA TFT LCD,Google Android 4.1.2 (Jelly Bean)
Sony Xperia UL SOL22  (Sony Gaga Anna),May 2013,Qualcomm Snapdragon S4 Pro APQ8064,2300 mAh,2 GB,16 GB,-,-,1080x1920,Color PVA TFT LCD,Google Android 4.1.2 (Jelly Bean)
Sony Xperia ZR LTE M36i C5503  (Sony Dogo),Jun 2013,Qualcomm Snapdragon S4 Pro APQ8064,2300 mAh,2 GB,8 GB,12 MP,1 MP,720x1280,Color PVA TFT LCD,Google Android 4.1.2 (Jelly Bean)
Sony Xperia ZR M36h C5502  (Sony Dogo),Jun 2013,Qualcomm Snapdragon S4 Pro APQ8064,2300 mAh,2 GB,8 GB,12 MP,1 MP,720x1280,Color PVA TFT LCD,Google Android 4.1.2 (Jelly Bean)
Sony Xperia SP TD-LTE M35t-CS  (Sony HuaShan Chun),Jul 2013,Qualcomm Snapdragon S4 Pro MSM8960T,2370 mAh,1 GB,8 GB,8 MP,1 MP,720x1280,Color PVA TFT LCD,Google Android 4.1.2 (Jelly Bean)
Sony Xperia C Dual C2304 S39h  (Sony Pelican),Jul 2013,MediaTek MT6589,2390 mAh,1 GB,4 GB,8 MP,1 MP,540x960,Color TN-TFT LCD,Google Android 4.2.2 (Jelly Bean)
Sony Xperia C Dual C2305 S39h  (Sony Pelican),Jul 2013,MediaTek MT6589,2390 mAh,1 GB,4 GB,8 MP,1 MP,540x960,Color TN-TFT LCD,Google Android 4.2.2 (Jelly Bean)
Sony Xperia SP TD-LTE M35t-SG / M35ts  (Sony HuaShan Chun),Aug 2013,Qualcomm Snapdragon S4 Pro MSM8960T,2370 mAh,1 GB,16 GB,8 MP,1 MP,720x1280,Color PVA TFT LCD,Google Android 4.1.2 (Jelly Bean)
Sony Xperia M C1905  (Sony Nicki SS),Aug 2013,Qualcomm Snapdragon S4 MSM8227,1750 mAh,1 GB,4 GB,5 MP,1 MP,480x854,Color TN-TFT LCD,Google Android 4.1.2 (Jelly Bean)
Sony Xperia M Dual C2005  (Sony Nicki DS),Aug 2013,Qualcomm Snapdragon S4 MSM8227,1750 mAh,1 GB,4 GB,5 MP,1 MP,480x854,Color TN-TFT LCD,Google Android 4.2.2 (Jelly Bean)
Sony Xperia Z C6616  (Sony Yuga Rex),Aug 2013,Qualcomm Snapdragon S4 Pro APQ8064,2330 mAh,2 GB,16 GB,13 MP,2 MP,1080x1920,Color PVA TFT LCD,Google Android 4.1.2 (Jelly Bean)
Sony Xperia Z Ultra LTE C6833  (Sony Togari),Aug 2013,Qualcomm Snapdragon 800 MSM8974 v1 (Snapdragon S4 Prime),3050 mAh,2 GB,16 GB,8 MP,2 MP,1080x1920,Color PVA TFT LCD,Google Android 4.2.2 (Jelly Bean)
Sony Xperia Z Ultra LTE C6843  (Sony Togari),Aug 2013,Qualcomm Snapdragon 800 MSM8974 v1 (Snapdragon S4 Prime),3050 mAh,2 GB,16 GB,8 MP,2 MP,1080x1920,Color PVA TFT LCD,Google Android 4.2.2 (Jelly Bean)
Sony Xperia Z1 LTE C6943  (Sony Honami),Sep 2013,Qualcomm Snapdragon 800 MSM8974 v1 (Snapdragon S4 Prime),3000 mAh,2 GB,16 GB,20 MP,2 MP,1080x1920,Color PVA TFT LCD,Google Android 4.2.2 (Jelly Bean)
Sony Xperia Z1 HSPA+ L39h C6902  (Sony Honami),Sep 2013,Qualcomm Snapdragon 800 MSM8274 v1,3000 mAh,2 GB,16 GB,20 MP,2 MP,1080x1920,Color PVA TFT LCD,Google Android 4.2.2 (Jelly Bean)
Sony Xperia M Dual C2004  (Sony Nicki DS),Sep 2013,Qualcomm Snapdragon S4 MSM8227,1750 mAh,1 GB,4 GB,5 MP,1 MP,480x854,Color TN-TFT LCD,Google Android 4.2.2 (Jelly Bean)
Sony Xperia M C1904  (Sony Nicki SS),Sep 2013,Qualcomm Snapdragon S4 MSM8227,1750 mAh,1 GB,4 GB,5 MP,1 MP,480x854,Color TN-TFT LCD,Google Android 4.1.2 (Jelly Bean)
Sony Xperia Z Ultra C6802 XL39h  (Sony Togari),Sep 2013,Qualcomm Snapdragon 800 MSM8274 v1,3000 mAh,2 GB,16 GB,8 MP,2 MP,1080x1920,Color PVA TFT LCD,Google Android 4.2.2 (Jelly Bean)
Sony Xperia Z1 LTE C6903  (Sony Honami),Sep 2013,Qualcomm Snapdragon 800 MSM8974 v1 (Snapdragon S4 Prime),3000 mAh,2 GB,16 GB,20 MP,2 MP,1080x1920,Color PVA TFT LCD,Google Android 4.2.2 (Jelly Bean)
Sony Xperia Z1 LTE SO-01F  (Sony Honami Maki),Oct 2013,Qualcomm Snapdragon 800 MSM8974 v1 (Snapdragon S4 Prime),3000 mAh,2 GB,16 GB,20 MP,2 MP,1080x1920,Color PVA TFT LCD,Google Android 4.2.2 (Jelly Bean)
Sony Xperia Z Ultra LTE C6806  (Sony Togari),Oct 2013,Qualcomm Snapdragon 800 MSM8974 v1 (Snapdragon S4 Prime),3050 mAh,2 GB,16 GB,8 MP,2 MP,1080x1920,Color PVA TFT LCD,Google Android 4.2.2 (Jelly Bean)
Sony Xperia Z1 LTE SOL23  (Sony Honami Anna),Oct 2013,Qualcomm Snapdragon 800 MSM8974 v1 (Snapdragon S4 Prime),3000 mAh,2 GB,32 GB,20 MP,2 MP,1080x1920,Color PVA TFT LCD,Google Android 4.2.2 (Jelly Bean)
Sony Xperia ZU LTE  (Sony Togari Maki),Nov 2013,Qualcomm Snapdragon 800 MSM8974 v1 (Snapdragon S4 Prime),3000 mAh,2 GB,16 GB,8 MP,2 MP,1080x1920,Color PVA TFT LCD,Google Android 4.2.2 (Jelly Bean)
Sony Xperia Z Ultra LTE C6806 Google Play Edition  (Sony Togari),Dec 2013,Qualcomm Snapdragon 800 MSM8974 v1 (Snapdragon S4 Prime),3050 mAh,2 GB,16 GB,8 MP,2 MP,1080x1920,Color PVA TFT LCD,Google Android 4.4.1 (KitKat)
Sony Xperia Z1 TD-LTE L39t  (Sony Honami Chun),Dec 2013,Qualcomm Snapdragon 800 MSM8974 v1 (Snapdragon S4 Prime),3000 mAh,2 GB,-,20 MP,2 MP,1080x1920,Color PVA TFT LCD,Google Android 4.3 (Jelly Bean)
Sony Xperia Z1 f SO-02F  (Sony Amami Maki),Dec 2013,Qualcomm Snapdragon 800 MSM8974 v1 (Snapdragon S4 Prime),2300 mAh,2 GB,16 GB,20 MP,2 MP,720x1280,Color PVA TFT LCD,Google Android 4.2.2 (Jelly Bean)
Sony Xperia Z Ultra LTE SOL24  (Sony Togari Anna),Jan 2014,Qualcomm Snapdragon 800 MSM8974 v1 (Snapdragon S4 Prime),3050 mAh,2 GB,16 GB,8 MP,2 MP,1080x1920,Color PVA TFT LCD,Google Android 4.2.2 (Jelly Bean)
Sony Xperia Z1 Compact LTE-A D5503  (Sony Amami),Jan 2014,Qualcomm Snapdragon 800 MSM8974 v1 (Snapdragon S4 Prime),2300 mAh,2 GB,16 GB,20 MP,2 MP,720x1280,Color PVA TFT LCD,Google Android 4.3 (Jelly Bean)
Sony Xperia Z1 Colorful Edition M51w  (Sony Amami),Feb 2014,Qualcomm Snapdragon 800 MSM8274 v1,2300 mAh,2 GB,16 GB,20 MP,2 MP,720x1280,Color PVA TFT LCD,Google Android 4.3 (Jelly Bean)
Sony Xperia T2 Ultra D5303 LTE-A  (Sony Tianchi),Feb 2014,Qualcomm Snapdragon 400 MSM8928,3000 mAh,1 GB,8 GB,12 MP,1 MP,720x1280,Color PVA TFT LCD,Google Android 4.3 (Jelly Bean)
Sony Xperia T2 Ultra TD-LTE XM50t  (Sony Tianchi),Feb 2014,Qualcomm Snapdragon 400 MSM8926,3000 mAh,1 GB,8 GB,12 MP,1 MP,720x1280,Color PVA TFT LCD,Google Android 4.3 (Jelly Bean)
Sony Xperia E1 dual D2104  (Sony Falcon DS),Feb 2014,Qualcomm Snapdragon 200 MSM8210,1750 mAh,512 MB,4 GB,3 MP,-,480x800,Color TN-TFT LCD,Google Android 4.3 (Jelly Bean)
Sony Xperia E1 D2004  (Sony Falcon SS),Feb 2014,Qualcomm Snapdragon 200 MSM8210,1750 mAh,512 MB,4 GB,3 MP,-,480x800,Color TN-TFT LCD,Google Android 4.3 (Jelly Bean)
Sony Xperia Z1 TD-LTE L39u  (Sony Honami),Feb 2014,Qualcomm Snapdragon 800 MSM8974 v1 (Snapdragon S4 Prime),3000 mAh,2 GB,-,20 MP,2 MP,1080x1920,Color PVA TFT LCD,Google Android 4.3 (Jelly Bean)
Sony Xperia Z1s LTE-A C6916  (Sony Honami),Feb 2014,Qualcomm Snapdragon 800 MSM8974 v1 (Snapdragon S4 Prime),3000 mAh,2 GB,32 GB,20 MP,2 MP,1080x1920,Color PVA TFT LCD,Google Android 4.3 (Jelly Bean)
Sony Xperia T2 Ultra D5306 LTE-A  (Sony Tianchi),Mar 2014,Qualcomm Snapdragon 400 MSM8928,3000 mAh,1 GB,8 GB,12 MP,1 MP,720x1280,Color PVA TFT LCD,Google Android 4.3 (Jelly Bean)
Sony Xperia E1 TV dual D2114  (Sony Falcon DTV),Mar 2014,Qualcomm Snapdragon 200 MSM8210,1750 mAh,512 MB,4 GB,3 MP,-,480x800,Color TN-TFT LCD,Google Android 4.3 (Jelly Bean)
Sony Xperia Z2 LTE-A D6503  (Sony Sirius Gina),Mar 2014,Qualcomm Snapdragon 801 MSM8974AB v3,3200 mAh,3 GB,16 GB,20 MP,2 MP,1080x1920,Color PVA TFT LCD,Google Android 4.4.2 (KitKat)
Sony Xperia Z2 HSPA D6502 L50w  (Sony Sirius),Mar 2014,Qualcomm Snapdragon 801 MSM8274AB v3,3200 mAh,3 GB,16 GB,20 MP,2 MP,1080x1920,Color PVA TFT LCD,Google Android 4.4.2 (KitKat)
Sony Xperia E1 dual D2105  (Sony Falcon DS),Mar 2014,Qualcomm Snapdragon 200 MSM8210,1750 mAh,512 MB,4 GB,3 MP,-,480x800,Color TN-TFT LCD,Google Android 4.3 (Jelly Bean)
Sony Xperia E1 D2005  (Sony Falcon SS),Mar 2014,Qualcomm Snapdragon 200 MSM8210,1750 mAh,512 MB,4 GB,3 MP,-,480x800,Color TN-TFT LCD,Google Android 4.3 (Jelly Bean)
Sony Xperia T2 Ultra dual HSPA D5322 XM50h  (Sony Tianchi),Apr 2014,Qualcomm Snapdragon 400 MSM8228,3000 mAh,1 GB,8 GB,12 MP,1 MP,720x1280,Color PVA TFT LCD,Google Android 4.3 (Jelly Bean)
Sony Xperia M2 LTE D2306  (Sony Eagle Rex SS),Apr 2014,Qualcomm Snapdragon 400 MSM8926,2300 mAh,1 GB,8 GB,8 MP,1 MP,540x960,Color TN-TFT LCD,Google Android 4.3 (Jelly Bean)
Sony Xperia M2 D2305  (Sony Eagle Rita SS),Apr 2014,Qualcomm Snapdragon 400 MSM8226 (Snapdragon S4 ),2300 mAh,1 GB,8 GB,8 MP,1 MP,540x960,Color TN-TFT LCD,Google Android 4.3 (Jelly Bean)
Sony Xperia M2 dual D2302 S50h  (Sony Eagle DS),Apr 2014,Qualcomm Snapdragon 400 MSM8226 (Snapdragon S4 ),2300 mAh,1 GB,8 GB,8 MP,1 MP,540x960,Color TN-TFT LCD,Google Android 4.3 (Jelly Bean)
Sony Xperia Z2 TD-LTE L50t  (Sony Sirius),Apr 2014,Qualcomm Snapdragon 801 MSM8974AB v3,3200 mAh,3 GB,16 GB,20 MP,2 MP,1080x1920,Color PVA TFT LCD,Google Android 4.4.2 (KitKat)
Sony Xperia Z2 LTE-A D6543  (Sony Sirius),Apr 2014,Qualcomm Snapdragon 801 MSM8974AB v3,3200 mAh,3 GB,16 GB,20 MP,2 MP,1080x1920,Color PVA TFT LCD,Google Android 4.4.2 (KitKat)
Sony Xperia Z1 LTE C6906  (Sony Honami),Apr 2014,Qualcomm Snapdragon 800 MSM8974 v1 (Snapdragon S4 Prime),3000 mAh,2 GB,16 GB,20 MP,2 MP,1080x1920,Color PVA TFT LCD,Google Android 4.2.2 (Jelly Bean)
Sony Xperia T2 Ultra D5316 LTE-A / D5316N  (Sony Tianchi),May 2014,Qualcomm Snapdragon 400 MSM8928,3000 mAh,1 GB,8 GB,12 MP,1 MP,720x1280,Color PVA TFT LCD,Google Android 4.3 (Jelly Bean)
Sony Xperia ZL2 SOL25  (Sony Canopus Anna),May 2014,Qualcomm Snapdragon 801 MSM8974AB v3,3000 mAh,3 GB,32 GB,20 MP,2 MP,1080x1920,Color PVA TFT LCD,Google Android 4.4.2 (KitKat)
Sony Xperia Z2 4G TD-LTE L50u  (Sony Sirius),May 2014,Qualcomm Snapdragon 801 MSM8974AB v3,3200 mAh,3 GB,16 GB,20 MP,2 MP,1080x1920,Color PVA TFT LCD,Google Android 4.4.2 (KitKat)
Sony Xperia Z2 LTE-A SO-03F  (Sony Sirius Maki),May 2014,Qualcomm Snapdragon 801 MSM8974AB v3,3200 mAh,3 GB,32 GB,20 MP,2 MP,1080x1920,Color PVA TFT LCD,Google Android 4.4.2 (KitKat)
Sony Xperia M2 LTE-A D2303  (Sony Eagle Gina SS),May 2014,Qualcomm Snapdragon 400 MSM8926,2300 mAh,1 GB,8 GB,8 MP,1 MP,540x960,Color TN-TFT LCD,Google Android 4.3 (Jelly Bean)
Sony Xperia A2 LTE-A SO-04F  (Sony Altair Maki),Jun 2014,Qualcomm Snapdragon 800 MSM8974 v1 (Snapdragon S4 Prime),2300 mAh,2 GB,16 GB,20 MP,2 MP,720x1280,Color PVA TFT LCD,Google Android 4.4.2 (KitKat)
Sony Xperia Z2a D6563  (Sony Canopus),Jun 2014,Qualcomm Snapdragon 801 MSM8974AB v3,3000 mAh,3 GB,32 GB,20 MP,2 MP,1080x1920,Color PVA TFT LCD,Google Android 4.4.2 (KitKat)
Sony Xperia T3 LTE-A D5106  (Sony Seagull),Jul 2014,Qualcomm Snapdragon 400 MSM8928,2500 mAh,1 GB,8 GB,8 MP,1 MP,720x1280,Color PVA TFT LCD,Google Android 4.4.2 (KitKat)
Sony Xperia C3 Dual TD-LTE S55t,Jul 2014,Qualcomm Snapdragon 400 MSM8926,2500 mAh,1 GB,8 GB,8 MP,5 MP,720x1280,Color PVA TFT LCD,Google Android 4.4.2 (KitKat)
Sony Xperia C3 Dual TD-LTE S55u,Jul 2014,Qualcomm Snapdragon 400 MSM8926,2500 mAh,1 GB,8 GB,8 MP,5 MP,720x1280,Color PVA TFT LCD,Google Android 4.4.2 (KitKat)
Sony Xperia Z2 LTE-A D6508  (Sony Sirius Viv),Jul 2014,Qualcomm Snapdragon 801 MSM8974AB v3,3200 mAh,3 GB,16 GB,20 MP,2 MP,1080x1920,Color PVA TFT LCD,Google Android 4.4.2 (KitKat)
Sony Xperia T3 LTE-A D5103  (Sony Seagull),Jul 2014,Qualcomm Snapdragon 400 MSM8928,2500 mAh,1 GB,8 GB,8 MP,1 MP,720x1280,Color PVA TFT LCD,Google Android 4.4.2 (KitKat)
Sony Xperia T3 HSPA D5102 M50w  (Sony Seagull),Jul 2014,Qualcomm Snapdragon 400 MSM8228,2500 mAh,1 GB,8 GB,8 MP,1 MP,720x1280,Color PVA TFT LCD,Google Android 4.4.2 (KitKat)
Sony Xperia C3 dual D2502,Aug 2014,Qualcomm Snapdragon 400 MSM8226 (Snapdragon S4 ),2500 mAh,1 GB,8 GB,8 MP,5 MP,720x1280,Color PVA TFT LCD,Google Android 4.4.2 (KitKat)
Sony Xperia Z3 Compact TD-LTE D5833,Sep 2014,Qualcomm Snapdragon 801 MSM8974AC v3,2600 mAh,2 GB,16 GB,20 MP,2 MP,720x1280,Color IPS TFT LCD,Google Android 4.4.4 (KitKat)
Sony Xperia M2 Aqua LTE-A D2406,Sep 2014,Qualcomm Snapdragon 400 MSM8926,2330 mAh,1 GB,8 GB,8 MP,1 MP,540x960,Color IPS TFT LCD,Google Android 4.4.2 (KitKat)
Sony Xperia M2 Aqua LTE-A D2403,Sep 2014,Qualcomm Snapdragon 400 MSM8926,2330 mAh,1 GB,8 GB,8 MP,1 MP,540x960,Color IPS TFT LCD,Google Android 4.4.2 (KitKat)
Sony Xperia E3 Dual HSPA D2212,Sep 2014,Qualcomm Snapdragon 400 MSM8226 (Snapdragon S4 ),2330 mAh,1 GB,4 GB,4 MP,1 MP,480x854,Color IPS TFT LCD,Google Android 4.4.2 (KitKat)
Sony Xperia Z3 TD-LTE L55t  (Sony Pegasus),Sep 2014,Qualcomm Snapdragon 801 MSM8974AC v3,3100 mAh,3 GB,16 GB,20 MP,2 MP,1080x1920,Color PVA TFT LCD,Google Android 4.4.4 (KitKat)
Sony Xperia Z3 Compact LTE-A D5803 M55w,Sep 2014,Qualcomm Snapdragon 801 MSM8974AC v3,2600 mAh,2 GB,16 GB,20 MP,2 MP,720x1280,Color IPS TFT LCD,Google Android 4.4.4 (KitKat)
Sony Xperia Z3 LTE-A D6603  (Sony Pegasus Gina),Sep 2014,Qualcomm Snapdragon 801 MSM8974AC v3,3100 mAh,3 GB,16 GB,20 MP,2 MP,1080x1920,Color PVA TFT LCD,Google Android 4.4.4 (KitKat)
Sony Xperia Z3 TD-LTE D6653  (Sony Pegasus),Sep 2014,Qualcomm Snapdragon 801 MSM8974AC v3,3100 mAh,3 GB,16 GB,20 MP,2 MP,1080x1920,Color PVA TFT LCD,Google Android 4.4.4 (KitKat)
Sony Xperia Z3 TV 4G LTE D6643  (Sony Pegasus),Sep 2014,Qualcomm Snapdragon 801 MSM8974AC v3,3100 mAh,3 GB,16 GB,20 MP,2 MP,1080x1920,Color PVA TFT LCD,Google Android 4.4.4 (KitKat)
Sony Xperia C3 LTE-A D2533,Oct 2014,Qualcomm Snapdragon 400 MSM8926,2500 mAh,1 GB,8 GB,8 MP,5 MP,720x1280,Color PVA TFT LCD,Google Android 4.4.2 (KitKat)
Sony Xperia E3 LTE D2206,Oct 2014,Qualcomm Snapdragon 400 MSM8926,2330 mAh,1 GB,4 GB,4 MP,1 MP,480x854,Color IPS TFT LCD,Google Android 4.4.2 (KitKat)
Sony Xperia E3 LTE D2203,Oct 2014,Qualcomm Snapdragon 400 MSM8926,2330 mAh,1 GB,4 GB,4 MP,1 MP,480x854,Color IPS TFT LCD,Google Android 4.4.2 (KitKat)
Sony Xperia E3 HSPA D2202,Oct 2014,Qualcomm Snapdragon 400 MSM8226 (Snapdragon S4 ),2330 mAh,1 GB,4 GB,4 MP,1 MP,480x854,Color IPS TFT LCD,Google Android 4.4.4 (KitKat)
Sony Xperia Z3 4G LTE SO-01G  (Sony Pegasus Maki),Oct 2014,Qualcomm Snapdragon 801 MSM8974AC v3,3100 mAh,3 GB,32 GB,20 MP,2 MP,1080x1920,Color PVA TFT LCD,Google Android 4.4.4 (KitKat)
Sony Xperia Z3 4G TD-LTE L55u  (Sony Pegasus),Oct 2014,Qualcomm Snapdragon 801 MSM8974AC v3,3100 mAh,3 GB,16 GB,20 MP,2 MP,1080x1920,Color PVA TFT LCD,Google Android 4.4.4 (KitKat)
Sony Xperia Z3 TD-LTE 401SO  (Sony Pegasus),Oct 2014,Qualcomm Snapdragon 801 MSM8974AC v3,3100 mAh,3 GB,32 GB,20 MP,2 MP,1080x1920,Color PVA TFT LCD,Google Android 4.4.4 (KitKat)
Sony Xperia Z3 Dual LTE-A D6633  (Sony Pegasus),Oct 2014,Qualcomm Snapdragon 801 MSM8974AC v3,3100 mAh,3 GB,16 GB,20 MP,2 MP,1080x1920,Color PVA TFT LCD,Google Android 4.4.4 (KitKat)
Sony Xperia Z3 LTE-A D6616  (Sony Pegasus),Oct 2014,Qualcomm Snapdragon 801 MSM8974AC v3,3100 mAh,3 GB,32 GB,20 MP,2 MP,1080x1920,Color PVA TFT LCD,Google Android 4.4.4 (KitKat)
Sony Xperia Z3v 4G LTE D6708,Oct 2014,Qualcomm Snapdragon 801 MSM8974AC v3,3200 mAh,3 GB,32 GB,20 MP,2 MP,1080x1920,Color PVA TFT LCD,Google Android 4.4.4 (KitKat)
Sony Xperia Z3 WiMAX 2+ SOL26  (Sony Pegasus Anna),Oct 2014,Qualcomm Snapdragon 801 MSM8974AC v3,3100 mAh,3 GB,32 GB,20 MP,2 MP,1080x1920,Color PVA TFT LCD,Google Android 4.4.4 (KitKat)
Sony Xperia Z3 Compact LTE-A SO-02G,Nov 2014,Qualcomm Snapdragon 801 MSM8974AC v3,2600 mAh,2 GB,16 GB,20 MP,2 MP,720x1280,Color IPS TFT LCD,Google Android 4.4.4 (KitKat)
Sony Xperia E3 LTE DTV D2243,Nov 2014,Qualcomm Snapdragon 400 MSM8926,2330 mAh,1 GB,4 GB,4 MP,1 MP,480x854,Color IPS TFT LCD,Google Android 4.4.2 (KitKat)
Sony Xperia A2 4G LTE  (Sony Altair Maki),Mar 2015,Qualcomm Snapdragon 800 MSM8974 v1 (Snapdragon S4 Prime),2300 mAh,2 GB,16 GB,20 MP,2 MP,720x1280,Color PVA TFT LCD,Google Android 5.0 (Lollipop)
Sony Xperia E4 E2104  (Sony Jasmine SS),Mar 2015,MediaTek MT6582,2330 mAh,1 GB,8 GB,4 MP,1 MP,540x960,Color IPS TFT LCD,Google Android 5.0 (Lollipop)
Sony Xperia E4 E2105  (Sony Jasmine SS),Mar 2015,MediaTek MT6582,2330 mAh,1 GB,8 GB,4 MP,1 MP,540x960,Color IPS TFT LCD,Google Android 5.0 (Lollipop)
Sony Xperia E4 Dual DTV E2124  (Sony Jasmine DS),Mar 2015,MediaTek MT6582,2330 mAh,1 GB,8 GB,4 MP,1 MP,540x960,Color IPS TFT LCD,Google Android 5.0 (Lollipop)
Sony Xperia E4 Dual E2114  (Sony Jasmine DS),Mar 2015,MediaTek MT6582,2330 mAh,1 GB,8 GB,4 MP,1 MP,540x960,Color IPS TFT LCD,Google Android 5.0 (Lollipop)
Sony Xperia E4 Dual E2115  (Sony Jasmine DS),Mar 2015,MediaTek MT6582,2330 mAh,1 GB,8 GB,4 MP,1 MP,540x960,Color IPS TFT LCD,Google Android 5.0 (Lollipop)
Sony Xperia J1 Compact LTE D5788,Apr 2015,Qualcomm Snapdragon 800 MSM8974AB v2,2300 mAh,2 GB,16 GB,20 MP,1 MP,720x1280,Color TN-TFT LCD,Google Android 4.4.4 (KitKat)
Sony Xperia M4 Aqua dual LTE E2363  (Sony Tulip DS),Apr 2015,Qualcomm Snapdragon 615 MSM8939,2400 mAh,2 GB,8 GB,12 MP,5 MP,720x1280,Color IPS TFT LCD,Google Android 5.0 (Lollipop)
Sony Xperia M4 Aqua dual LTE E2333  (Sony Tulip DS),Apr 2015,Qualcomm Snapdragon 615 MSM8939,2400 mAh,2 GB,8 GB,12 MP,5 MP,720x1280,Color IPS TFT LCD,Google Android 5.0 (Lollipop)
Sony Xperia M4 Aqua TD-LTE E2353  (Sony Tulip SS),Apr 2015,Qualcomm Snapdragon 615 MSM8939,2400 mAh,2 GB,8 GB,12 MP,5 MP,720x1280,Color IPS TFT LCD,Google Android 5.0 (Lollipop)
Sony Xperia M4 Aqua LTE E2306  (Sony Tulip SS),Apr 2015,Qualcomm Snapdragon 615 MSM8939,2400 mAh,2 GB,16 GB,12 MP,5 MP,720x1280,Color IPS TFT LCD,Google Android 5.0 (Lollipop)
Sony Xperia M4 Aqua LTE E2303  (Sony Tulip SS),Apr 2015,Qualcomm Snapdragon 615 MSM8939,2400 mAh,2 GB,8 GB,12 MP,5 MP,720x1280,Color IPS TFT LCD,Google Android 5.0 (Lollipop)
Sony Xperia M4 Aqua dual 3G E2312  (Sony Tulip DS),Apr 2015,Qualcomm Snapdragon 615 MSM8939,2400 mAh,2 GB,8 GB,12 MP,5 MP,720x1280,Color IPS TFT LCD,Google Android 5.0 (Lollipop)
Sony Xperia E4g LTE E2006  (Sony Calla SS),Apr 2015,MediaTek MT6732,2300 mAh,1 GB,8 GB,4 MP,1 MP,540x960,Color IPS TFT LCD,Google Android 4.4.4 (KitKat)
Sony Xperia E4g LTE E2053  (Sony Calla SS),Apr 2015,MediaTek MT6732,2300 mAh,1 GB,8 GB,4 MP,1 MP,540x960,Color IPS TFT LCD,Google Android 4.4.4 (KitKat)
Sony Xperia E4g Dual TD-LTE E2043  (Sony Calla DS),Apr 2015,MediaTek MT6732,2300 mAh,1 GB,8 GB,4 MP,1 MP,540x960,Color IPS TFT LCD,Google Android 4.4.4 (KitKat)
Sony Xperia E4g Dual LTE E2033  (Sony Calla DS),Apr 2015,MediaTek MT6732,2300 mAh,1 GB,8 GB,4 MP,1 MP,540x960,Color IPS TFT LCD,Google Android 4.4.4 (KitKat)
Sony Xperia E4g LTE E2003  (Sony Calla SS),Apr 2015,MediaTek MT6732,2300 mAh,1 GB,8 GB,4 MP,1 MP,540x960,Color IPS TFT LCD,Google Android 4.4.4 (KitKat)
Sony Xperia C4 dual LTE E5333  (Sony Cosmos DS),Jun 2015,MediaTek MT6752,2600 mAh,2 GB,16 GB,13 MP,5 MP,1080x1920,Color IPS TFT LCD,Google Android 5.0.2 (Lollipop)
Sony Xperia C4 TD-LTE E5353  (Sony Cosmos SS),Jun 2015,MediaTek MT6752,2600 mAh,2 GB,16 GB,13 MP,5 MP,1080x1920,Color IPS TFT LCD,Google Android 5.0.2 (Lollipop)
Sony Xperia C4 DTV dual LTE E5343  (Sony Cosmos DS),Jun 2015,MediaTek MT6752,2600 mAh,2 GB,16 GB,13 MP,5 MP,1080x1920,Color IPS TFT LCD,Google Android 5.0.2 (Lollipop)
Sony Xperia C4 LTE E5303  (Sony Cosmos SS),Jun 2015,MediaTek MT6752,2600 mAh,2 GB,16 GB,13 MP,5 MP,1080x1920,Color IPS TFT LCD,Google Android 5.0.2 (Lollipop)
Sony Xperia C4 dual TD-LTE E5363  (Sony Cosmos DS),Jun 2015,MediaTek MT6752,2600 mAh,2 GB,16 GB,13 MP,5 MP,1080x1920,Color IPS TFT LCD,Google Android 5.0.2 (Lollipop)
Sony Xperia Z4 LTE-A SO-03G  (Sony Ivy SS),Jun 2015,Qualcomm Snapdragon 810 MSM8994 v2.1,2930 mAh,3 GB,32 GB,20 MP,5 MP,1080x1920,Color TN-TFT LCD,Google Android 5.0.2 (Lollipop)
Sony Xperia Z4 TD-LTE 402SO  (Sony Ivy SS),Jun 2015,Qualcomm Snapdragon 810 MSM8994 v2.1,2930 mAh,3 GB,32 GB,20 MP,5 MP,1080x1920,Color TN-TFT LCD,Google Android 5.0.2 (Lollipop)
Sony Xperia Z4 WiMAX 2+ SOV31  (Sony Ivy SS),Jun 2015,Qualcomm Snapdragon 810 MSM8994 v2.1,2930 mAh,3 GB,32 GB,20 MP,5 MP,1080x1920,Color TN-TFT LCD,Google Android 5.0.2 (Lollipop)
Sony Xperia A4 LTE SO-04G,Jun 2015,Qualcomm Snapdragon 801 MSM8974AC v3,2600 mAh,2 GB,16 GB,20 MP,2 MP,720x1280,Color PVA TFT LCD,Google Android 5.0.2 (Lollipop)
Sony Xperia Z3+ TD-LTE E6553 / Xperia Z3 Plus  (Sony Ivy SS),Jun 2015,Qualcomm Snapdragon 810 MSM8994 v2.1,2930 mAh,3 GB,32 GB,20 MP,5 MP,1080x1920,Color TN-TFT LCD,Google Android 5.0.2 (Lollipop)
Sony Xperia Z3+ Dual TD-LTE E6533 / Xperia Z4  (Sony Ivy DS),Jun 2015,Qualcomm Snapdragon 810 MSM8994 v2.1,2930 mAh,3 GB,32 GB,20 MP,5 MP,1080x1920,Color TN-TFT LCD,Google Android 5.0.2 (Lollipop)
Sony Xperia C5 Ultra Dual LTE E5533  (Sony Lavender DS),Aug 2015,MediaTek MT6752,2930 mAh,2 GB,16 GB,13 MP,13 MP,1080x1920,Color IPS TFT LCD,Google Android 5.0.2 (Lollipop)
Sony Xperia C5 Ultra LTE E5506  (Sony Lavender SS),Aug 2015,MediaTek MT6752,2930 mAh,2 GB,16 GB,13 MP,13 MP,1080x1920,Color IPS TFT LCD,Google Android 5.0.2 (Lollipop)
Sony Xperia M5 TD-LTE E5653  (Sony Holly SS),Aug 2015,MediaTek Helio X10  MT6795,2600 mAh,3 GB,16 GB,21 MP,13 MP,1080x1920,Color IPS TFT LCD,Google Android 5.0.2 (Lollipop)
Sony Xperia M5 LTE E5603  (Sony Holly SS),Aug 2015,MediaTek Helio X10  MT6795,2600 mAh,3 GB,16 GB,21 MP,13 MP,1080x1920,Color IPS TFT LCD,Google Android 5.0.2 (Lollipop)
Sony Xperia M5 dual LTE E5643  (Sony Holly DS),Aug 2015,MediaTek Helio X10  MT6795,2600 mAh,3 GB,16 GB,21 MP,13 MP,1080x1920,Color IPS TFT LCD,Google Android 5.0.2 (Lollipop)
Sony Xperia M5 dual LTE E5633  (Sony Holly DS),Aug 2015,MediaTek Helio X10  MT6795,2600 mAh,3 GB,16 GB,21 MP,13 MP,1080x1920,Color IPS TFT LCD,Google Android 5.0.2 (Lollipop)
Sony Xperia C5 Ultra TD-LTE E5553  (Sony Lavender SS),Aug 2015,MediaTek MT6752,2930 mAh,2 GB,16 GB,13 MP,13 MP,1080x1920,Color IPS TFT LCD,Google Android 5.0.2 (Lollipop)
Sony Xperia C5 Ultra Dual TD-LTE E5563  (Sony Lavender DS),Aug 2015,MediaTek MT6752,2930 mAh,2 GB,16 GB,13 MP,13 MP,1080x1920,Color IPS TFT LCD,Google Android 5.0.2 (Lollipop)
Sony Xperia M5 LTE E5606  (Sony Holly SS),Sep 2015,MediaTek Helio X10  MT6795,2600 mAh,3 GB,16 GB,21 MP,13 MP,1080x1920,Color IPS TFT LCD,Google Android 5.0.2 (Lollipop)
Sony Xperia M5 dual TD-LTE E5663  (Sony Holly DS),Sep 2015,MediaTek Helio X10  MT6795,2600 mAh,3 GB,16 GB,21 MP,13 MP,1080x1920,Color IPS TFT LCD,Google Android 5.0.2 (Lollipop)
Sony Xperia Z5 Compact TD-LTE E5803 S50  (Sony Suzuran),Sep 2015,Qualcomm Snapdragon 810 MSM8994 v2.1,2700 mAh,2 GB,32 GB,22 MP,5 MP,720x1280,Color TN-TFT LCD,Google Android 5.1.1 (Lollipop)
Sony Xperia C4 LTE E5306  (Sony Cosmos SS),Sep 2015,MediaTek MT6752,2600 mAh,2 GB,16 GB,13 MP,5 MP,1080x1920,Color IPS TFT LCD,Google Android 5.0.2 (Lollipop)
Sony Xperia Z5 Compact TD-LTE E5823 S50  (Sony Suzuran),Oct 2015,Qualcomm Snapdragon 810 MSM8994 v2.1,2700 mAh,2 GB,32 GB,22 MP,5 MP,720x1280,Color IPS TFT LCD,Google Android 5.1.1 (Lollipop)
Sony Xperia Z5 Dual TD-LTE E6683 S60  (Sony Sumire DS),Oct 2015,Qualcomm Snapdragon 810 MSM8994 v2.1,2900 mAh,3 GB,32 GB,22 MP,5 MP,1080x1920,Color TN-TFT LCD,Google Android 5.1.1 (Lollipop)
Sony Xperia Z5 TD-LTE E6653 S60  (Sony Sumire SS),Oct 2015,Qualcomm Snapdragon 810 MSM8994 v2.1,2900 mAh,3 GB,32 GB,22 MP,5 MP,1080x1920,Color TN-TFT LCD,Google Android 5.1.1 (Lollipop)
Sony Xperia Z5 TD-LTE E6603 S60  (Sony Sumire SS),Oct 2015,Qualcomm Snapdragon 810 MSM8994 v2.1,2900 mAh,3 GB,32 GB,22 MP,5 MP,1080x1920,Color TN-TFT LCD,Google Android 5.1.1 (Lollipop)
Sony Xperia Z5 Dual LTE E6633 S60  (Sony Sumire DS),Oct 2015,Qualcomm Snapdragon 810 MSM8994 v2.1,2900 mAh,3 GB,32 GB,22 MP,5 MP,1080x1920,Color TN-TFT LCD,Google Android 5.1.1 (Lollipop)
Sony Xperia Z5 TD-LTE 501SO  (Sony Sumire SS),Oct 2015,Qualcomm Snapdragon 810 MSM8994 v2.1,2900 mAh,3 GB,32 GB,22 MP,5 MP,1080x1920,Color TN-TFT LCD,Google Android 5.1.1 (Lollipop)
Sony Xperia Z5 WiMAX 2+ SOV32  (Sony Sumire SS),Oct 2015,Qualcomm Snapdragon 810 MSM8994 v2.1,2900 mAh,3 GB,32 GB,22 MP,5 MP,1080x1920,Color TN-TFT LCD,Google Android 5.1.1 (Lollipop)
Sony Xperia Z5 TD-LTE SO-01H  (Sony Sumire SS),Oct 2015,Qualcomm Snapdragon 810 MSM8994 v2.1,2900 mAh,3 GB,32 GB,22 MP,5 MP,1080x1920,Color TN-TFT LCD,Google Android 5.1.1 (Lollipop)
Sony Xperia Z5 Premium Dual SIM LTE E6833  (Sony Satsuki DS),Nov 2015,Qualcomm Snapdragon 810 MSM8994 v2.1,3430 mAh,3 GB,32 GB,22 MP,5 MP,2160x3840,Color IPS TFT LCD,Google Android 5.1.1 (Lollipop)
Sony Xperia Z5 Premium TD-LTE E6853  (Sony Satsuki SS),Nov 2015,Qualcomm Snapdragon 810 MSM8994 v2.1,3430 mAh,3 GB,32 GB,22 MP,5 MP,2160x3840,Color IPS TFT LCD,Google Android 5.1.1 (Lollipop)
Sony Xperia Z5 Premium LTE-A SO-03H  (Sony Satsuki SS),Nov 2015,Qualcomm Snapdragon 810 MSM8994 v2.1,3430 mAh,3 GB,32 GB,22 MP,5 MP,2160x3840,Color IPS TFT LCD,Google Android 5.1.1 (Lollipop)
Sony Xperia Z5 Premium Dual SIM TD-LTE E6883  (Sony Satsuki DS),Nov 2015,Qualcomm Snapdragon 810 MSM8994 v2.1,3430 mAh,3 GB,32 GB,22 MP,5 MP,2160x3840,Color IPS TFT LCD,Google Android 5.1.1 (Lollipop)
Sony Xperia Z5 Compact TD-LTE SO-02H  (Sony Suzuran),Dec 2015,Qualcomm Snapdragon 810 MSM8994 v2.1,2700 mAh,2 GB,32 GB,22 MP,5 MP,720x1280,Color TN-TFT LCD,Google Android 5.1.1 (Lollipop)
Sony Xperia XA LTE F3111 / PP10  (Sony Tuba SS),Mar 2016,MediaTek Helio P10 MT6755,2300 mAh,2 GB,16 GB,12 MP,8 MP,720x1280,Color TN-TFT LCD,Google Android 6.0.1 (Marshmallow)
Sony Xperia XA TD-LTE Dual F3116  (Sony Tuba DS),Mar 2016,MediaTek Helio P10 MT6755,2300 mAh,2 GB,16 GB,12 MP,8 MP,720x1280,Color TN-TFT LCD,Google Android 6.0.1 (Marshmallow)
Sony Xperia XA TD-LTE F3115  (Sony Tuba SS),Mar 2016,MediaTek Helio P10 MT6755,2300 mAh,2 GB,16 GB,12 MP,8 MP,720x1280,Color TN-TFT LCD,Google Android 6.0.1 (Marshmallow)
Sony Xperia XA LTE Dual F3112  (Sony Tuba DS),Mar 2016,MediaTek Helio P10 MT6755,2300 mAh,2 GB,16 GB,12 MP,8 MP,720x1280,Color TN-TFT LCD,Google Android 6.0.1 (Marshmallow)
Sony Xperia X LTE-A Dual F5122  (Sony Suzu DS),Mar 2016,Qualcomm Snapdragon 618 MSM8956 / Snapdragon 650,2620 mAh,3 GB,64 GB,23 MP,12 MP,1080x1920,Color TN-TFT LCD,Google Android 6.0.1 (Marshmallow)
Sony Xperia E5 F3311 LTE,Jun 2016,MediaTek MT6735,2700 mAh,1.5 GB,16 GB,12 MP,5 MP,720x1280,Color IPS TFT LCD,Google Android 6.0 (Marshmallow)
Sony Xperia E5 F3313 LTE,Jun 2016,MediaTek MT6735,2700 mAh,1.5 GB,16 GB,12 MP,5 MP,720x1280,Color IPS TFT LCD,Google Android 6.0 (Marshmallow)
Sony Xperia XA LTE F3113  (Sony Tuba SS),Jun 2016,MediaTek Helio P10 MT6755,2300 mAh,2 GB,16 GB,12 MP,8 MP,720x1280,Color TN-TFT LCD,Google Android 6.0.1 (Marshmallow)
Sony Xperia X LTE-A F5121  (Sony Suzu SS),Jun 2016,Qualcomm Snapdragon 618 MSM8956 / Snapdragon 650,2620 mAh,3 GB,32 GB,23 MP,12 MP,1080x1920,Color TN-TFT LCD,Google Android 6.0.1 (Marshmallow)
Sony Xperia X Performance WiMAX 2+ SOV33  (Sony Dora SS),Jun 2016,Qualcomm Snapdragon 820 MSM8996,2570 mAh,3 GB,32 GB,22 MP,12 MP,1080x1920,Color TN-TFT LCD,Google Android 6.0.1 (Marshmallow)
Sony Xperia X Performance TD-LTE 502SO  (Sony Dora SS),Jun 2016,Qualcomm Snapdragon 820 MSM8996,2570 mAh,3 GB,32 GB,22 MP,12 MP,1080x1920,Color TN-TFT LCD,Google Android 6.0.1 (Marshmallow)
Sony Xperia X Performance TD-LTE SO-04H  (Sony Dora SS),Jun 2016,Qualcomm Snapdragon 820 MSM8996,2700 mAh,3 GB,32 GB,22 MP,12 MP,1080x1920,Color TN-TFT LCD,Google Android 6.0.1 (Marshmallow)
Sony Xperia X Performance TD-LTE F8131  (Sony Dora SS),Jun 2016,Qualcomm Snapdragon 820 MSM8996,2700 mAh,3 GB,32 GB,22 MP,12 MP,1080x1920,Color TN-TFT LCD,Google Android 6.0.1 (Marshmallow)
Sony Xperia XA Ultra LTE F3215  (Sony Ukulele SS),Jul 2016,MediaTek Helio P10 MT6755,2700 mAh,3 GB,16 GB,21 MP,16 MP,1080x1920,Color TN-TFT LCD,Google Android 6.0.1 (Marshmallow)
Sony Xperia XA Ultra LTE Dual F3212  (Sony Ukulele DS),Jul 2016,MediaTek Helio P10 MT6755,2700 mAh,3 GB,16 GB,21 MP,16 MP,1080x1920,Color TN-TFT LCD,Google Android 6.0.1 (Marshmallow)
Sony Xperia XA Ultra TD-LTE Dual F3216  (Sony Ukulele DS),Jul 2016,MediaTek Helio P10 MT6755,2700 mAh,3 GB,16 GB,21 MP,16 MP,1080x1920,Color TN-TFT LCD,Google Android 6.0.1 (Marshmallow)
Sony Xperia X Performance TD-LTE Dual F8132  (Sony Dora DS),Jul 2016,Qualcomm Snapdragon 820 MSM8996,2700 mAh,3 GB,64 GB,22 MP,12 MP,1080x1920,Color TN-TFT LCD,Google Android 6.0.1 (Marshmallow)
Sony Xperia XA Ultra LTE F3213  (Sony Ukulele SS),Jul 2016,MediaTek Helio P10 MT6755,2700 mAh,3 GB,16 GB,21 MP,16 MP,1080x1920,Color TN-TFT LCD,Google Android 6.0.1 (Marshmallow)
Sony Xperia XA Ultra LTE F3211  (Sony Ukulele SS),Aug 2016,MediaTek Helio P10 MT6755,2700 mAh,3 GB,16 GB,21 MP,16 MP,1080x1920,Color TN-TFT LCD,Google Android 6.0.1 (Marshmallow)
Sony Xperia X Compact F5321 TD-LTE  (Sony Kugo SS),Sep 2016,Qualcomm Snapdragon 618 MSM8956 / Snapdragon 650,2700 mAh,3 GB,32 GB,22 MP,5 MP,720x1280,Color TN-TFT LCD,Google Android 6.0.1 (Marshmallow)
Sony Xperia XZ TD-LTE F8331  (Sony Kagura SS),Sep 2016,Qualcomm Snapdragon 820 MSM8996,2900 mAh,3 GB,32 GB,22 MP,13 MP,1080x1920,Color TN-TFT LCD,Google Android 6.0.1 (Marshmallow)
Sony Xperia XZ Dual SIM TD-LTE F8332  (Sony Kagura DS),Oct 2016,Qualcomm Snapdragon 820 MSM8996,2900 mAh,3 GB,64 GB,22 MP,13 MP,1080x1920,Color TN-TFT LCD,Google Android 6.0.1 (Marshmallow)
Sony Xperia XZ TD-LTE SO-01J  (Sony Kagura SS),Nov 2016,Qualcomm Snapdragon 820 MSM8996,2900 mAh,3 GB,32 GB,22 MP,13 MP,1080x1920,Color TN-TFT LCD,Google Android 6.0.1 (Marshmallow)
Sony Xperia X Compact TD-LTE SO-02J  (Sony Kugo SS),Nov 2016,Qualcomm Snapdragon 618 MSM8956 / Snapdragon 650,2700 mAh,3 GB,32 GB,22 MP,5 MP,720x1280,Color TN-TFT LCD,Google Android 6.0.1 (Marshmallow)
Sony Xperia XZ TD-LTE 601SO  (Sony Kagura SS),Nov 2016,Qualcomm Snapdragon 820 MSM8996,2900 mAh,3 GB,32 GB,22 MP,13 MP,1080x1920,Color TN-TFT LCD,Google Android 6.0.1 (Marshmallow)
Sony Xperia XA1 Dual LTE-A G3112   (Sony Hinoki DS),Apr 2017,MediaTek Helio P20 MT6757,2300 mAh,3 GB,32 GB,23 MP,8 MP,720x1280,Color IPS TFT LCD,Google Android 7.0 (Nougat)
Sony Xperia XA1 LTE-A EMEA G3121 / SM11  (Sony Hinoki SS),Apr 2017,MediaTek Helio P20 MT6757,2300 mAh,3 GB,32 GB,23 MP,8 MP,720x1280,Color IPS TFT LCD,Google Android 7.0 (Nougat)
Sony Xperia XA1 Ultra Global Dual SIM TD-LTE G3226  (Sony Redwood DS),Apr 2017,MediaTek Helio P20 MT6757,2700 mAh,4 GB,64 GB,23 MP,16 MP,1080x1920,Color TN-TFT LCD,Google Android 7.0 (Nougat)
Sony Xperia XA1 Ultra Dual SIM LTE-A EMEA G3212  (Sony Redwood DS),Apr 2017,MediaTek Helio P20 MT6757,2700 mAh,4 GB,32 GB,23 MP,16 MP,1080x1920,Color TN-TFT LCD,Google Android 7.0 (Nougat)
Sony Xperia XA1 Ultra LTE-A AM G3223    (Sony Redwood SS),Apr 2017,MediaTek Helio P20 MT6757,2700 mAh,4 GB,32 GB,23 MP,16 MP,1080x1920,Color TN-TFT LCD,Google Android 7.0 (Nougat)
Sony Xperia XA1 Ultra LTE-A EMEA G3221 / SM21  (Sony Redwood SS),Apr 2017,MediaTek Helio P20 MT6757,2700 mAh,4 GB,32 GB,23 MP,16 MP,1080x1920,Color TN-TFT LCD,Google Android 7.0 (Nougat)
Sony Xperia XZs TD-LTE G8231   (Sony Keyaki SS),Apr 2017,Qualcomm Snapdragon 820 MSM8996,2900 mAh,4 GB,32 GB,19 MP,13 MP,1080x1920,Color TN-TFT LCD,Google Android 7.1 (Nougat)
Sony Xperia XZs Dual TD-LTE G8232  (Sony Keyaki DS),Apr 2017,Qualcomm Snapdragon 820 MSM8996,2900 mAh,4 GB,64 GB,19 MP,13 MP,1080x1920,Color TN-TFT LCD,Google Android 7.1 (Nougat)
Sony Xperia L1 Dual LTE G3312,May 2017,MediaTek MT6737T,2620 mAh,2 GB,16 GB,12 MP,5 MP,720x1280,Color TN-TFT LCD,Google Android 7.0 (Nougat)
Sony Xperia L1 LTE G3313,May 2017,MediaTek MT6737T,2620 mAh,2 GB,16 GB,12 MP,5 MP,720x1280,Color TN-TFT LCD,Google Android 7.0 (Nougat)
Sony Xperia L1 LTE G3311,May 2017,MediaTek MT6737T,2620 mAh,2 GB,16 GB,12 MP,5 MP,720x1280,Color TN-TFT LCD,Google Android 7.0 (Nougat)
Sony Xperia XA1 Dual TD-LTE APAC G3116  (Sony Hinoki DS),May 2017,MediaTek Helio P20 MT6757,2300 mAh,3 GB,32 GB,23 MP,8 MP,720x1280,Color IPS TFT LCD,Google Android 7.0 (Nougat)
Sony Xperia XZ Premium Dual SIM TD-LTE G8142 / PF11  (Sony Maple DS),May 2017,Qualcomm Snapdragon 835 MSM8998,3230 mAh,4 GB,64 GB,19 MP,13 MP,2160x3840,Color TN-TFT LCD,Google Android 7.1 (Nougat)
Sony Xperia XZs TD-LTE SO-03J  (Sony Keyaki SS),May 2017,Qualcomm Snapdragon 820 MSM8996,2900 mAh,4 GB,-,19 MP,13 MP,1080x1920,Color TN-TFT LCD,Google Android 7.1.1 (Nougat)
Sony Xperia XA1 LTE-A NA G3123  (Sony Hinoki SS),May 2017,MediaTek Helio P20 MT6757,2300 mAh,3 GB,32 GB,23 MP,8 MP,720x1280,Color IPS TFT LCD,Google Android 7.0 (Nougat)
Sony Xperia XZs TD-LTE 602SO  (Sony Keyaki SS),May 2017,Qualcomm Snapdragon 820 MSM8996,2900 mAh,4 GB,32 GB,19 MP,13 MP,1080x1920,Color TN-TFT LCD,Google Android 7.1.1 (Nougat)
Sony Xperia XZ Premium TD-LTE G8141 / PF11  (Sony Maple SS),Jun 2017,Qualcomm Snapdragon 835 MSM8998,3230 mAh,4 GB,64 GB,19 MP,13 MP,2160x3840,Color TN-TFT LCD,Google Android 7.1 (Nougat)
Sony Xperia XZ Premium TD-LTE SO-04J / PF11  (Sony Maple SS),Jun 2017,Qualcomm Snapdragon 835 MSM8998,3230 mAh,4 GB,64 GB,19 MP,13 MP,2160x3840,Color TN-TFT LCD,Google Android 7.1 (Nougat)
Sony Xperia XZ Premium TD-LTE G8188 / PF11  (Sony Maple SS),Jul 2017,Qualcomm Snapdragon 835 MSM8998,3230 mAh,4 GB,64 GB,19 MP,13 MP,2160x3840,Color TN-TFT LCD,Google Android 7.1 (Nougat)
Sony Xperia XZ1 TD-LTE G8341  (Sony PF31),Sep 2017,Qualcomm Snapdragon 835 MSM8998,2700 mAh,4 GB,64 GB,19 MP,13 MP,1080x1920,Color IPS TFT LCD,Google Android 8.0 (Oreo)
Sony Xperia XZ1 Compact TD-LTE G8441 / PF41  (Sony Lilac),Sep 2017,Qualcomm Snapdragon 835 MSM8998,2700 mAh,4 GB,32 GB,19 MP,8 MP,720x1280,Color IPS TFT LCD,Google Android 8.0 (Oreo)
Sony Xperia XA1 Plus LTE 32GB G3423  (Sony SM11L),Oct 2017,MediaTek Helio P20 MT6757,3430 mAh,3 GB,32 GB,23 MP,8 MP,1080x1920,Color TN-TFT LCD,Google Android 7.0 (Nougat)
Sony Xperia XA1 Plus TD-LTE 32GB G3416  (Sony SM11L),Oct 2017,MediaTek Helio P20 MT6757,3430 mAh,3 GB,32 GB,23 MP,8 MP,1080x1920,Color TN-TFT LCD,Google Android 7.0 (Nougat)
Sony Xperia XA1 Plus LTE-A 32GB G3412  (Sony SM11L),Oct 2017,MediaTek Helio P20 MT6757,3430 mAh,3 GB,32 GB,23 MP,8 MP,1080x1920,Color TN-TFT LCD,Google Android 7.0 (Nougat)
Sony Xperia XA1 Plus Dual SIM LTE-A 32GB G3421  (Sony SM11L),Oct 2017,MediaTek Helio P20 MT6757,3430 mAh,3 GB,32 GB,23 MP,8 MP,1080x1920,Color TN-TFT LCD,Google Android 7.0 (Nougat)
Sony Xperia XA1 Plus TD-LTE 32GB G3426  (Sony SM11L),Oct 2017,MediaTek Helio P20 MT6757,3430 mAh,3 GB,32 GB,23 MP,8 MP,1080x1920,Color TN-TFT LCD,Google Android 7.0 (Nougat)
Sony Xperia XZ1 TD-LTE NA G8343  (Sony PF31),Oct 2017,Qualcomm Snapdragon 835 MSM8998,2700 mAh,4 GB,64 GB,19 MP,13 MP,1080x1920,Color IPS TFT LCD,Google Android 8.0 (Oreo)
Sony Xperia R1 Plus Dual SIM TD-LTE,Oct 2017,Qualcomm Snapdragon 430 MSM8937,2620 mAh,3 GB,32 GB,13 MP,8 MP,720x1280,Color IPS TFT LCD,Google Android 7.1 (Nougat)
Sony Xperia R1 Dual SIM TD-LTE,Oct 2017,Qualcomm Snapdragon 430 MSM8937,2620 mAh,2 GB,16 GB,13 MP,8 MP,720x1280,Color IPS TFT LCD,Google Android 7.1 (Nougat)
Sony Xperia XZ1 WiMAX 2+ SOV36  (Sony PF31),Nov 2017,Qualcomm Snapdragon 835 MSM8998,2700 mAh,4 GB,64 GB,19 MP,13 MP,1080x1920,Color IPS TFT LCD,Google Android 8.0 (Oreo)
Sony Xperia XZ1 Dual SIM TD-LTE G8342  (Sony PF31),Nov 2017,Qualcomm Snapdragon 835 MSM8998,2700 mAh,4 GB,64 GB,19 MP,13 MP,1080x1920,Color IPS TFT LCD,Google Android 8.0 (Oreo)
Sony Xperia XZ1 TD-LTE 701SO  (Sony PF31),Nov 2017,Qualcomm Snapdragon 835 MSM8998,2700 mAh,4 GB,64 GB,19 MP,13 MP,1080x1920,Color IPS TFT LCD,Google Android 8.0 (Oreo)
Sony Xperia XZ1 TD-LTE SO-01K  (Sony PF31),Nov 2017,Qualcomm Snapdragon 835 MSM8998,2700 mAh,4 GB,64 GB,19 MP,13 MP,1080x1920,Color TN-TFT LCD,Google Android 8.0 (Oreo)
Sony Xperia XZ1 Compact TD-LTE SO-02K  (Sony Lilac),Nov 2017,Qualcomm Snapdragon 835 MSM8998,2700 mAh,4 GB,32 GB,19 MP,8 MP,720x1280,Color IPS TFT LCD,Google Android 8.0 (Oreo)
Sony Xperia L2 LTE-A AM H3321  (Sony Ranger),Jan 2018,MediaTek MT6737T,3300 mAh,3 GB,32 GB,12 MP,7 MP,720x1280,Color TN-TFT LCD,Google Android 7.1.1 (Nougat)
Sony Xperia L2 Dual SIM TD-LTE EMEA H4311  (Sony Ranger),Jan 2018,MediaTek MT6737T,3300 mAh,3 GB,32 GB,12 MP,7 MP,720x1280,Color TN-TFT LCD,Google Android 7.1.1 (Nougat)
Sony Xperia L2 TD-LTE EMEA H3311  (Sony Ranger),Jan 2018,MediaTek MT6737T,3300 mAh,3 GB,32 GB,12 MP,7 MP,720x1280,Color TN-TFT LCD,Google Android 7.1.1 (Nougat)
Sony Xperia L2 Dual SIM TD-LTE APAC H4331  (Sony Ranger),Feb 2018,MediaTek MT6737T,3300 mAh,3 GB,32 GB,12 MP,7 MP,720x1280,Color TN-TFT LCD,Google Android 7.1.1 (Nougat)
Sony Xperia XA2 TD-LTE EMEA H3113  (Sony Pioneer),Feb 2018,Qualcomm Snapdragon 630 SDM630,3300 mAh,3 GB,32 GB,22 MP,7 MP,1080x1920,Color TN-TFT LCD,Google Android 8.0 (Oreo)
Sony Xperia XA2 LTE-A NA H3123  (Sony Pioneer),Feb 2018,Qualcomm Snapdragon 630 SDM630,3300 mAh,3 GB,32 GB,22 MP,7 MP,1080x1920,Color TN-TFT LCD,Google Android 8.0 (Oreo)
Sony Xperia XA2 Dual SIM TD-LTE EMEA H4113  (Sony Pioneer),Feb 2018,Qualcomm Snapdragon 630 SDM630,3300 mAh,3 GB,32 GB,22 MP,7 MP,1080x1920,Color TN-TFT LCD,Google Android 8.0 (Oreo)
Sony Xperia XA2 Ultra LTE-A AM H3223  (Sony Avenger),Feb 2018,Qualcomm Snapdragon 630 SDM630,3580 mAh,4 GB,32 GB,22 MP,15 MP,1080x1920,Color TN-TFT LCD,Google Android 8.0 (Oreo)
Sony Xperia XA2 Ultra TD-LTE EMEA H3213 / SM22  (Sony Avenger),Feb 2018,Qualcomm Snapdragon 630 SDM630,3580 mAh,4 GB,32 GB,22 MP,15 MP,1080x1920,Color TN-TFT LCD,Google Android 8.0 (Oreo)
Sony Xperia XA2 Ultra Dual SIM TD-LTE APAC H4223  (Sony Avenger),Feb 2018,Qualcomm Snapdragon 630 SDM630,3580 mAh,4 GB,64 GB,22 MP,15 MP,1080x1920,Color TN-TFT LCD,Google Android 8.0 (Oreo)
Sony Xperia XA2 Ultra Dual SIM TD-LTE EMEA H4213  (Sony Avenger),Feb 2018,Qualcomm Snapdragon 630 SDM630,3580 mAh,4 GB,64 GB,22 MP,15 MP,1080x1920,Color TN-TFT LCD,Google Android 8.0 (Oreo)
Sony Xperia XA2 TD-LTE H3133  (Sony Pioneer),Mar 2018,Qualcomm Snapdragon 630 SDM630,3300 mAh,3 GB,32 GB,22 MP,7 MP,1080x1920,Color TN-TFT LCD,Google Android 8.0 (Oreo)
Sony Xperia XZ2 Dual SIM TD-LTE H8296  (Sony Akari),Mar 2018,Qualcomm Snapdragon 845 SDM845 (Napali),3180 mAh,6 GB,64 GB,19 MP,4 MP,1080x2160,Color IPS TFT LCD,Google Android 8.0 (Oreo)
Sony Xperia XZ2 Compact Global Dual SIM TD-LTE H8324  (Sony Apollo),Apr 2018,Qualcomm Snapdragon 845 SDM845 (Napali),2870 mAh,4 GB,64 GB,19 MP,4 MP,1080x2160,Color IPS TFT LCD,Google Android 8.0 (Oreo)
Sony Xperia XA2 Dual SIM TD-LTE H4133  (Sony Pioneer),Apr 2018,Qualcomm Snapdragon 630 SDM630,3300 mAh,3 GB,32 GB,22 MP,7 MP,1080x1920,Color TN-TFT LCD,Google Android 8.0 (Oreo)
Sony Xperia XZ2 Compact Global TD-LTE H8314 / PF32  (Sony Apollo),Apr 2018,Qualcomm Snapdragon 845 SDM845 (Napali),2870 mAh,4 GB,64 GB,19 MP,4 MP,1080x2160,Color IPS TFT LCD,Google Android 8.0 (Oreo)
Sony Xperia XZ2 TD-LTE H8216 / PF22  (Sony Akari),Apr 2018,Qualcomm Snapdragon 845 SDM845 (Napali),3180 mAh,4 GB,64 GB,19 MP,4 MP,1080x2160,Color IPS TFT LCD,Google Android 8.0 (Oreo)
Sony Xperia XZ2 TD-LTE JP 702SO  (Sony Akari),May 2018,Qualcomm Snapdragon 845 SDM845 (Napali),3060 mAh,4 GB,64 GB,19 MP,4 MP,1080x2160,Color IPS TFT LCD,Google Android 8.0 (Oreo)
Sony Xperia XZ2 WiMAX 2+ SOV37  (Sony Akari),May 2018,Qualcomm Snapdragon 845 SDM845 (Napali),3060 mAh,4 GB,64 GB,19 MP,4 MP,1080x2160,Color IPS TFT LCD,Google Android 8.0 (Oreo)
Sony Xperia XZ2 TD-LTE JP SO-03K  (Sony Akari),May 2018,Qualcomm Snapdragon 845 SDM845 (Napali),3060 mAh,4 GB,64 GB,19 MP,4 MP,1080x2160,Color IPS TFT LCD,Google Android 8.0 (Oreo)
Sony Xperia XZ2 Premium TD-LTE H8116 / PF12  (Sony Aurora),Jun 2018,Qualcomm Snapdragon 845 SDM845 (Napali),3540 mAh,6 GB,64 GB,19 MP,13 MP,2160x3840,Color IPS TFT LCD,Google Android 8.0 (Oreo)
Sony Xperia XZ2 Premium Dual SIM TD-LTE H8166  (Sony Aurora),Jun 2018,Qualcomm Snapdragon 845 SDM845 (Napali),3540 mAh,6 GB,64 GB,19 MP,13 MP,2160x3840,Color IPS TFT LCD,Google Android 8.0 (Oreo)
Sony Xperia XZ2 Compact Global TD-LTE SO-05K  (Sony Apollo),Jun 2018,Qualcomm Snapdragon 845 SDM845 (Napali),2760 mAh,4 GB,64 GB,19 MP,5 MP,1080x2160,Color IPS TFT LCD,Google Android 8.0 (Oreo)
Sony Xperia XZ2 Premium WiMAX 2+ SOV38  (Sony Aurora),Aug 2018,Qualcomm Snapdragon 845 SDM845 (Napali),3540 mAh,6 GB,64 GB,19 MP,13 MP,2160x3840,Color IPS TFT LCD,Google Android 8.0 (Oreo)
Sony Xperia XA2 Plus Global Dual SIM TD-LTE 32GB H4413  (Sony Voyager),Aug 2018,Qualcomm Snapdragon 630 SDM630,3580 mAh,4 GB,32 GB,22 MP,8 MP,1080x2160,Color IPS TFT LCD,Google Android 8.0 (Oreo)
Sony Xperia XA2 Plus Dual SIM TD-LTE 64GB APAC H4493  (Sony Voyager),Aug 2018,Qualcomm Snapdragon 630 SDM630,3580 mAh,6 GB,64 GB,22 MP,8 MP,1080x2160,Color IPS TFT LCD,Google Android 8.0 (Oreo)
Sony Xperia XA2 Plus Global TD-LTE 32GB H3413  (Sony Voyager),Aug 2018,Qualcomm Snapdragon 630 SDM630,3580 mAh,4 GB,32 GB,22 MP,8 MP,1080x2160,Color IPS TFT LCD,Google Android 8.0 (Oreo)
Sony Xperia XZ3 Dual SIM TD-LTE EMEA H9436  (Sony Akatsuki),Oct 2018,Qualcomm Snapdragon 845 SDM845 (Napali),3330 mAh,4 GB,64 GB,19 MP,13 MP,1440x2880,AM-OLED,Google Android 9.0 (Pie)
Sony Xperia XZ3 Dual SIM TD-LTE APAC H9493  (Sony Akatsuki),Oct 2018,Qualcomm Snapdragon 845 SDM845 (Napali),3330 mAh,6 GB,64 GB,19 MP,13 MP,1440x2880,AM-OLED,Google Android 9.0 (Pie)
Sony Xperia XZ3 Global TD-LTE H8416 / PF42  (Sony Akatsuki),Oct 2018,Qualcomm Snapdragon 845 SDM845 (Napali),3330 mAh,4 GB,64 GB,19 MP,13 MP,1440x2880,AM-OLED,Google Android 9.0 (Pie)
Sony Xperia XZ3 TD-LTE JP SO-01L  (Sony Akatsuki),Nov 2018,Qualcomm Snapdragon 845 SDM845 (Napali),3330 mAh,4 GB,64 GB,19 MP,13 MP,1440x2880,AM-OLED,Google Android 9.0 (Pie)
Sony Xperia XZ3 WiMAX 2+ JP SOV39  (Sony Akatsuki),Nov 2018,Qualcomm Snapdragon 845 SDM845 (Napali),3330 mAh,4 GB,64 GB,19 MP,13 MP,1440x2880,AM-OLED,Google Android 9.0 (Pie)
Sony Xperia XZ3 TD-LTE JP 801SO  (Sony Akatsuki),Nov 2018,Qualcomm Snapdragon 845 SDM845 (Napali),3330 mAh,4 GB,64 GB,19 MP,13 MP,1440x2880,AM-OLED,Google Android 9.0 (Pie)
Sony Xperia 10 LTE-A NA I3123  (Sony Kirin),Feb 2019,Qualcomm Snapdragon 630 SDM630,2870 mAh,3 GB,64 GB,13 MP,8 MP,1080x2520,Color IPS TFT LCD,Google Android 9.0 (Pie)
Sony Xperia 10 Global Dual SIM TD-LTE I4113  (Sony Kirin),Feb 2019,Qualcomm Snapdragon 630 SDM630,2870 mAh,3 GB,64 GB,13 MP,8 MP,1080x2520,Color IPS TFT LCD,Google Android 9.0 (Pie)
Sony Xperia 10 Global TD-LTE I3113  (Sony Kirin),Feb 2019,Qualcomm Snapdragon 630 SDM630,2870 mAh,3 GB,64 GB,13 MP,8 MP,1080x2520,Color IPS TFT LCD,Google Android 9.0 (Pie)
Sony Xperia 10 Premium Edition Global Dual SIM TD-LTE I4193  (Sony Kirin),Feb 2019,Qualcomm Snapdragon 630 SDM630,2870 mAh,4 GB,64 GB,13 MP,8 MP,1080x2520,Color IPS TFT LCD,Google Android 9.0 (Pie)
Sony Xperia 10 Plus Premium Edition Global Dual SIM TD-LTE I4293  (Sony Mermaid),Feb 2019,Qualcomm Snapdragon 636 SDM636,3000 mAh,6 GB,64 GB,12 MP,8 MP,1080x2520,Color IPS TFT LCD,Google Android 9.0 (Pie)
Sony Xperia 10 Plus LTE-A NA I3223  (Sony Mermaid),Feb 2019,Qualcomm Snapdragon 636 SDM636,3000 mAh,4 GB,64 GB,12 MP,8 MP,1080x2520,Color IPS TFT LCD,Google Android 9.0 (Pie)
Sony Xperia 10 Plus Global Dual SIM TD-LTE I4213  (Sony Mermaid),Feb 2019,Qualcomm Snapdragon 636 SDM636,3000 mAh,4 GB,64 GB,12 MP,8 MP,1080x2520,Color IPS TFT LCD,Google Android 9.0 (Pie)
Sony Xperia 10 Plus Global TD-LTE I3213  (Sony Mermaid),Feb 2019,Qualcomm Snapdragon 636 SDM636,3000 mAh,4 GB,64 GB,12 MP,8 MP,1080x2520,Color IPS TFT LCD,Google Android 9.0 (Pie)
Sony Xperia L3 Dual SIM TD-LTE EMEA I4312  (Sony Dragon),Mar 2019,MediaTek Helio P22 MT6762,3300 mAh,3 GB,32 GB,12 MP,7 MP,720x1440,Color IPS TFT LCD,Google Android 8.1 (Oreo)
Sony Xperia L3 TD-LTE EMEA I3312  (Sony Dragon),Mar 2019,MediaTek Helio P22 MT6762,3300 mAh,3 GB,32 GB,12 MP,7 MP,720x1440,Color IPS TFT LCD,Google Android 8.1 (Oreo)
Sony Xperia L3 Dual SIM TD-LTE APAC I4332  (Sony Dragon),Mar 2019,MediaTek Helio P22 MT6762,3300 mAh,3 GB,32 GB,12 MP,7 MP,720x1440,Color IPS TFT LCD,Google Android 8.1 (Oreo)
Sony Xperia L3 LTE-A AM I3322  (Sony Dragon),May 2019,MediaTek Helio P22 MT6762,3300 mAh,3 GB,32 GB,12 MP,7 MP,720x1440,Color IPS TFT LCD,Google Android 8.1 (Oreo)
Sony Xperia 1 Global Dual SIM TD-LTE J9110  (Sony Kumano),Jun 2019,Qualcomm Snapdragon 855 SM8150 (Hana),3330 mAh,6 GB,128 GB,12 MP,8 MP,1644x3840,AM-OLED,Google Android 9.0 (Pie)
Sony Xperia 1 Global TD-LTE J8110 / PF13  (Sony Kumano),Jun 2019,Qualcomm Snapdragon 855 SM8150 (Hana),3330 mAh,6 GB,128 GB,12 MP,8 MP,1644x3840,AM-OLED,Google Android 9.0 (Pie)
Sony Xperia Ace LTE-A JP SO-02L  (Sony Houou),Jun 2019,Qualcomm Snapdragon 630 SDM630,2700 mAh,4 GB,64 GB,12 MP,8 MP,1080x2160,Color IPS TFT LCD,Google Android 9.0 (Pie)
Sony Xperia 1 WiMAX 2+ JP SOV40  (Sony Kumano),Jun 2019,Qualcomm Snapdragon 855 SM8150 (Hana),3200 mAh,6 GB,64 GB,12 MP,8 MP,1644x3840,AM-OLED,Google Android 9.0 (Pie)
Sony Xperia 1 TD-LTE JP 802SO  (Sony Kumano),Jun 2019,Qualcomm Snapdragon 855 SM8150 (Hana),3200 mAh,6 GB,64 GB,12 MP,8 MP,1644x3840,AM-OLED,Google Android 9.0 (Pie)
Sony Xperia 1 TD-LTE JP SO-03L  (Sony Kumano),Jun 2019,Qualcomm Snapdragon 855 SM8150 (Hana),3200 mAh,6 GB,64 GB,12 MP,8 MP,1644x3840,AM-OLED,Google Android 9.0 (Pie)
Sony Xperia 1 Global TD-LTE J8170  (Sony Kumano),Jul 2019,Qualcomm Snapdragon 855 SM8150 (Hana),3330 mAh,6 GB,128 GB,12 MP,8 MP,1644x3840,AM-OLED,Google Android 9.0 (Pie)
Sony Xperia Ace TD-LTE JP J3173 / J3137  (Sony Houou),Sep 2019,Qualcomm Snapdragon 630 SDM630,2700 mAh,4 GB,64 GB,12 MP,8 MP,1080x2160,Color IPS TFT LCD,Google Android 9.0 (Pie)
Sony Xperia 5 Global TD-LTE J8210  (Sony Horus),Oct 2019,Qualcomm Snapdragon 855 SM8150 (Hana),3140 mAh,6 GB,128 GB,12 MP,8 MP,1080x2520,AM-OLED,Google Android 9.0 (Pie)
Sony Xperia 5 Global Dual SIM TD-LTE J9210  (Sony Horus),Oct 2019,Qualcomm Snapdragon 855 SM8150 (Hana),3140 mAh,6 GB,128 GB,12 MP,8 MP,1080x2520,AM-OLED,Google Android 9.0 (Pie)
Sony Xperia 1 Professional Edition Global Dual SIM TD-LTE J9150  (Sony Kumano),Oct 2019,Qualcomm Snapdragon 855 SM8150 (Hana),3330 mAh,6 GB,128 GB,12 MP,8 MP,1644x3840,AM-OLED,Google Android 9.0 (Pie)
Sony Xperia 5 WiMAX 2+ SOV41  (Sony Horus),Oct 2019,Qualcomm Snapdragon 855 SM8150 (Hana),3140 mAh,6 GB,64 GB,12 MP,8 MP,1080x2520,AM-OLED,Google Android 9.0 (Pie)
Sony Xperia 5 TD-LTE JP 901SO  (Sony Horus),Oct 2019,Qualcomm Snapdragon 855 SM8150 (Hana),3140 mAh,6 GB,64 GB,12 MP,8 MP,1080x2520,AM-OLED,Google Android 9.0 (Pie)
Sony Xperia 8 TD-LTE JP 902SO  (Sony Himiko),Oct 2019,Qualcomm Snapdragon 630 SDM630,2760 mAh,4 GB,64 GB,12 MP,8 MP,1080x2520,Color IPS TFT LCD,Google Android 9.0 (Pie)
Sony Xperia 8 WiMAX 2+ SOV42 / Xperia 8 Lite SOV42-u  (Sony Himiko),Oct 2019,Qualcomm Snapdragon 630 SDM630,2760 mAh,4 GB,64 GB,12 MP,8 MP,1080x2520,Color IPS TFT LCD,Google Android 9.0 (Pie)
Sony Xperia 5 Global TD-LTE J8270  (Sony Horus),Oct 2019,Qualcomm Snapdragon 855 SM8150 (Hana),3140 mAh,6 GB,64 GB,12 MP,8 MP,1080x2520,AM-OLED,Google Android 9.0 (Pie)
Sony Xperia 5 TD-LTE JP SO-01M  (Sony Horus),Nov 2019,Qualcomm Snapdragon 855 SM8150 (Hana),3140 mAh,6 GB,64 GB,12 MP,8 MP,1080x2520,AM-OLED,Google Android 9.0 (Pie)
Sony Xperia L4 TD-LTE EMEA XQ-AD51  (Sony PDX-202),Apr 2020,MediaTek Helio P22 MT6762,3580 mAh,3 GB,64 GB,13 MP,8 MP,720x1680,Color IPS TFT LCD,Google Android 9.0 (Pie)
Sony Xperia L4 Dual SIM TD-LTE EMEA XQ-AD52  (Sony PDX-202),Apr 2020,MediaTek Helio P22 MT6762,3580 mAh,3 GB,64 GB,13 MP,8 MP,720x1680,Color IPS TFT LCD,Google Android 9.0 (Pie)
Sony Xperia 1 II 5G Global TD-LTE XQ-AT51  (Sony PDX-203),May 2020,Qualcomm Snapdragon 865 5G SM8250 (Kona),4000 mAh,8 GB,256 GB,12 MP,8 MP,1644x3840,AM-OLED,Google Android 10 (Q)
Sony Xperia 1 II 5G Global Dual SIM TD-LTE XQ-AT52  (Sony PDX-203),May 2020,Qualcomm Snapdragon 865 5G SM8250 (Kona),4000 mAh,8 GB,256 GB,12 MP,8 MP,1644x3840,AM-OLED,Google Android 10 (Q)
Sony Xperia 10 II TD-LTE JP A001SO  (Sony PDX-201),May 2020,Qualcomm Snapdragon 665 SM6125 (Trinket),3600 mAh,4 GB,64 GB,12 MP,8 MP,1080x2520,AM-OLED,Google Android 10 (Q)
Sony Xperia 10 II TD-LTE JP SO-41A  (Sony PDX-201),May 2020,Qualcomm Snapdragon 665 SM6125 (Trinket),3600 mAh,4 GB,64 GB,12 MP,8 MP,1080x2520,AM-OLED,Google Android 10 (Q)
Sony Xperia 10 II Global TD-LTE XQ-AU51 / Xperia 10 Mk. 2  (Sony PDX-201),May 2020,Qualcomm Snapdragon 665 SM6125 (Trinket),3600 mAh,4 GB,128 GB,12 MP,8 MP,1080x2520,AM-OLED,Google Android 10 (Q)
Sony Xperia 10 II Global Dual SIM TD-LTE Sony XQ-AU52 / Xperia 10 Mk. 2  (Sony PDX-201),May 2020,Qualcomm Snapdragon 665 SM6125 (Trinket),3600 mAh,4 GB,128 GB,12 MP,8 MP,1080x2520,AM-OLED,Google Android 10 (Q)
Sony Xperia 1 II 5G TD-LTE JP SOG01  (Sony PDX-203),May 2020,Qualcomm Snapdragon 865 5G SM8250 (Kona),4000 mAh,8 GB,128 GB,12 MP,8 MP,1644x3840,AM-OLED,Google Android 10 (Q)
Sony Xperia 10 II WiMAX 2 + SOV43  (Sony PDX-201),Jun 2020,Qualcomm Snapdragon 665 SM6125 (Trinket),3600 mAh,4 GB,64 GB,12 MP,8 MP,1080x2520,AM-OLED,Google Android 10 (Q)
Sony Xperia 1 II 5G TD-LTE JP SO-51A  (Sony PDX-203),Jun 2020,Qualcomm Snapdragon 865 5G SM8250 (Kona),4000 mAh,8 GB,128 GB,12 MP,8 MP,1644x3840,AM-OLED,Google Android 10 (Q)
Sony Xperia 8 Lite TD-LTE JP J3273  (Sony Himiko),Sep 2020,Qualcomm Snapdragon 630 SDM630,2870 mAh,4 GB,64 GB,12 MP,8 MP,1080x2520,Color IPS TFT LCD,Google Android 9.0 (Pie)
Sony Xperia 10 II Dual SIM TD-LTE JP XQ-AU42  (Sony PDX-201),Oct 2020,Qualcomm Snapdragon 665 SM6125 (Trinket),3600 mAh,4 GB,64 GB,12 MP,8 MP,1080x2520,AM-OLED,Google Android 10 (Q)
Sony Xperia 5 II 5G Dual SIM TD-LTE APAC 256GB XQ-AS72  (Sony PDX-206),Oct 2020,Qualcomm Snapdragon 865 5G SM8250 (Kona),4000 mAh,8 GB,256 GB,12 MP,8 MP,1080x2520,AM-OLED,Google Android 10 (Q)
Sony Xperia 5 II 5G TD-LTE JP A002SO  (Sony PDX-206),Oct 2020,Qualcomm Snapdragon 865 5G SM8250 (Kona),4000 mAh,8 GB,128 GB,12 MP,8 MP,1080x2520,AM-OLED,Google Android 10 (Q)
Sony Xperia 5 II 5G TD-LTE JP SOG02  (Sony PDX-206),Oct 2020,Qualcomm Snapdragon 865 5G SM8250 (Kona),4000 mAh,8 GB,128 GB,12 MP,8 MP,1080x2520,AM-OLED,Google Android 10 (Q)
Sony Xperia 5 II 5G Global Dual SIM TD-LTE XQ-AS52  (Sony PDX-206),Oct 2020,Qualcomm Snapdragon 865 5G SM8250 (Kona),4000 mAh,8 GB,128 GB,12 MP,8 MP,1080x2520,AM-OLED,Google Android 10 (Q)
Sony Xperia 1 II 5G Dual SIM TD-LTE CN XQ-AT72  (Sony PDX-203),Oct 2020,Qualcomm Snapdragon 865 5G SM8250 (Kona),4000 mAh,12 GB,256 GB,12 MP,8 MP,1644x3840,AM-OLED,Google Android 10 (Q)
Sony Xperia 1 II 5G Dual SIM TD-LTE JP XQ-AT42  (Sony PDX-203),Oct 2020,Qualcomm Snapdragon 865 5G SM8250 (Kona),4000 mAh,12 GB,256 GB,12 MP,8 MP,1644x3840,AM-OLED,Google Android 10 (Q)
Sony Xperia 1 II 5G Green Edition Global Dual SIM TD-LTE XQ-AT52/G  (Sony PDX-203),Nov 2020,Qualcomm Snapdragon 865 5G SM8250 (Kona),4000 mAh,12 GB,256 GB,12 MP,8 MP,1644x3840,AM-OLED,Google Android 10 (Q)
Sony Xperia 5 II 5G TD-LTE JP SO-52A  (Sony PDX-206),Nov 2020,Qualcomm Snapdragon 865 5G SM8250 (Kona),4000 mAh,8 GB,128 GB,12 MP,8 MP,1080x2520,AM-OLED,Google Android 10 (Q)
Sony Xperia Pro 5G UW 2021 Dual SIM TD-LTE JP 512GB XQ-AQ52  (Sony PDX-204),Feb 2021,Qualcomm Snapdragon 865 5G SM8250 (Kona),4000 mAh,12 GB,512 GB,12 MP,8 MP,1644x3840,AM-OLED,Google Android 10 (Q)
Sony Xperia Pro 5G UW 2021 Dual SIM TD-LTE US 512GB XQ-AQ62  (Sony PDX-204),Feb 2021,Qualcomm Snapdragon 865 5G SM8250 (Kona),4000 mAh,12 GB,512 GB,12 MP,8 MP,1644x3840,AM-OLED,Google Android 10 (Q)
Sony Xperia 5 III 5G Dual SIM TD-LTE APAC 256GB XQ-BQ72  (Sony PDX-214),May 2021,Qualcomm Snapdragon 888 5G SM8350 (Lahaina),4500 mAh,8 GB,256 GB,12 MP,8 MP,1080x2520,AM-OLED,Google Android 11 (R)
Sony Xperia Pro 5G 2021 Global Dual SIM TD-LTE 512GB  (Sony PDX-204),May 2021,Qualcomm Snapdragon 865 5G SM8250 (Kona),4000 mAh,12 GB,512 GB,12 MP,8 MP,1644x3840,AM-OLED,Google Android 10 (Q)
Sony Xperia Ace II LTE-A JP SO-41B,May 2021,MediaTek Helio P35 MT6765,4500 mAh,4 GB,64 GB,13 MP,8 MP,720x1496,Color IPS TFT LCD,Google Android 11 (R)
Sony Xperia 5 II 5G Dual SIM TD-LTE JP 256GB XQ-AS42  (Sony PDX-206),May 2021,Qualcomm Snapdragon 865 5G SM8250 (Kona),4000 mAh,8 GB,256 GB,12 MP,8 MP,1080x2520,AM-OLED,Google Android 10 (Q)
Sony Xperia 1 III 5G Dual SIM TD-LTE APAC 512GB XQ-BC72  (Sony PDX-215),May 2021,Qualcomm Snapdragon 888 5G SM8350 (Lahaina),4500 mAh,12 GB,512 GB,12 MP,8 MP,1644x3840,AM-OLED,Google Android 11 (R)
Sony Xperia 1 III 5G Dual SIM TD-LTE APAC 256GB XQ-BC72  (Sony PDX-215),May 2021,Qualcomm Snapdragon 888 5G SM8350 (Lahaina),4500 mAh,12 GB,256 GB,12 MP,8 MP,1644x3840,AM-OLED,Google Android 11 (R)
Sony Xperia 10 III 5G Global Dual SIM TD-LTE 128GB XQ-BT52  (Sony PDX-213),May 2021,Qualcomm Snapdragon 690 5G SM6350,4500 mAh,6 GB,128 GB,12 MP,8 MP,1080x2520,AM-OLED,Google Android 11 (R)
Sony Xperia 1 III 5G UW TD-LTE JP SOG03  (Sony PDX-215),Jun 2021,Qualcomm Snapdragon 888 5G SM8350 (Lahaina),4500 mAh,12 GB,256 GB,12 MP,8 MP,1644x3840,AM-OLED,Google Android 11 (R)
Sony Xperia 1 III 5G Dual SIM TD-LTE EMEA XQ-BC52 / XQ-AC52  (Sony PDX-215),Jun 2021,Qualcomm Snapdragon 888 5G SM8350 (Lahaina),4500 mAh,12 GB,256 GB,12 MP,8 MP,1644x3840,AM-OLED,Google Android 11 (R)
Sony Xperia 10 III 5G TD-LTE JP 128GB SOG04  (Sony PDX-213),Jun 2021,Qualcomm Snapdragon 690 5G SM6350,4500 mAh,6 GB,128 GB,12 MP,8 MP,1080x2520,AM-OLED,Google Android 11 (R)
Sony Xperia 10 III 5G TD-LTE JP 128GB SO-52B  (Sony PDX-213),Jun 2021,Qualcomm Snapdragon 690 5G SM6350,4500 mAh,6 GB,128 GB,12 MP,8 MP,1080x2520,AM-OLED,Google Android 11 (R)
Sony Xperia 1 III 5G Dual SIM TD-LTE NA 256GB XQ-BC62  (Sony PDX-215),Jul 2021,Qualcomm Snapdragon 888 5G SM8350 (Lahaina),4500 mAh,12 GB,256 GB,12 MP,8 MP,1644x3840,AM-OLED,Google Android 11 (R)
Sony Xperia 5 III 5G Global Dual SIM TD-LTE XQ-BQ52  (Sony PDX-214),Jul 2021,Qualcomm Snapdragon 888 5G SM8350 (Lahaina),4500 mAh,8 GB,128 GB,12 MP,8 MP,1080x2520,AM-OLED,Google Android 11 (R)
Sony Xperia 10 III 5G TD-LTE JP 128GB A102SO  (Sony PDX-213),Jul 2021,Qualcomm Snapdragon 690 5G SM6350,4500 mAh,6 GB,128 GB,12 MP,8 MP,1080x2520,AM-OLED,Google Android 11 (R)
Sony Xperia 1 III 5G UW TD-LTE JP A101SO  (Sony PDX-215),Jul 2021,Qualcomm Snapdragon 888 5G SM8350 (Lahaina),4500 mAh,12 GB,256 GB,12 MP,8 MP,1644x3840,AM-OLED,Google Android 11 (R)
Sony Xperia 1 III 5G UW TD-LTE JP SO-51B  (Sony PDX-215),Jul 2021,Qualcomm Snapdragon 888 5G SM8350 (Lahaina),4500 mAh,12 GB,256 GB,12 MP,8 MP,1644x3840,AM-OLED,Google Android 11 (R)
Sony Xperia 5 III 5G Dual SIM TD-LTE NA XQ-BQ62  (Sony PDX-214),Aug 2021,Qualcomm Snapdragon 888 5G SM8350 (Lahaina),4500 mAh,8 GB,128 GB,12 MP,8 MP,1080x2520,AM-OLED,Google Android 11 (R)
Sony Xperia 10 III Lite 5G Dual SIM TD-LTE JP 64GB XQ-BT44  (Sony PDX-213),Aug 2021,Qualcomm Snapdragon 690 5G SM6350,4500 mAh,6 GB,64 GB,12 MP,8 MP,1080x2520,AM-OLED,Google Android 11 (R)
Sony Xperia 5 III 5G TD-LTE JP 128GB A103SO  (Sony PDX-214),Nov 2021,Qualcomm Snapdragon 888 5G SM8350 (Lahaina),4500 mAh,8 GB,128 GB,12 MP,8 MP,1080x2520,AM-OLED,Google Android 11 (R)
Sony Xperia 5 III 5G TD-LTE JP 128GB SOG05  (Sony PDX-214),Nov 2021,Qualcomm Snapdragon 888 5G SM8350 (Lahaina),4500 mAh,8 GB,128 GB,12 MP,8 MP,1080x2520,AM-OLED,Google Android 11 (R)
Sony Xperia 5 III 5G TD-LTE JP 128GB SO-53B  (Sony PDX-214),Nov 2021,Qualcomm Snapdragon 888 5G SM8350 (Lahaina),4500 mAh,8 GB,128 GB,12 MP,8 MP,1080x2520,AM-OLED,Google Android 11 (R)
Sony Xperia 1 III 5G Dual SIM TD-LTE JP 512GB XQ-BC42  (Sony PDX-215),Nov 2021,Qualcomm Snapdragon 888 5G SM8350 (Lahaina),4500 mAh,12 GB,512 GB,12 MP,8 MP,1644x3840,AM-OLED,Google Android 11 (R)
Sony Xperia Pro-I 2021 5G Dual SIM TD-LTE EMEA XQ-BE52  (Sony PDX-217),Dec 2021,Qualcomm Snapdragon 888 5G SM8350 (Lahaina),4500 mAh,12 GB,512 GB,12 MP,8 MP,1644x3840,AM-OLED,Google Android 11 (R)
Sony Xperia Pro-I 2021 5G Dual SIM TD-LTE NA XQ-BE62  (Sony PDX-217),Dec 2021,Qualcomm Snapdragon 888 5G SM8350 (Lahaina),4500 mAh,12 GB,512 GB,12 MP,8 MP,1644x3840,AM-OLED,Google Android 11 (R)
Sony Xperia Pro-I 2021 5G Dual SIM TD-LTE JP XQ-BE42  (Sony PDX-217),Dec 2021,Qualcomm Snapdragon 888 5G SM8350 (Lahaina),4500 mAh,12 GB,512 GB,12 MP,8 MP,1644x3840,AM-OLED,Google Android 11 (R)
Sony Xperia Pro-I 2021 5G Dual SIM TD-LTE APAC XQ-BE72  (Sony PDX-217),Dec 2021,Qualcomm Snapdragon 888 5G SM8350 (Lahaina),4500 mAh,12 GB,512 GB,12 MP,8 MP,1644x3840,AM-OLED,Google Android 11 (R)
Sony Xperia 5 III 5G Dual SIM TD-LTE JP 256GB XQ-BQ42  (Sony PDX-214),Apr 2022,Qualcomm Snapdragon 888 5G SM8350 (Lahaina),4500 mAh,8 GB,256 GB,12 MP,8 MP,1080x2520,AM-OLED,Google Android 11 (R)
Sony Xperia 1 IV 5G Dual SIM TD-LTE APAC 512GB XQ-CT72  (Sony PDX-223),May 2022,Qualcomm Snapdragon 8 Gen 1 5G SM8450 (Waipio),5000 mAh,12 GB,512 GB,12 MP,12 MP,1644x3840,AM-OLED,Google Android 12 (S)
Sony Xperia 1 IV 5G Dual SIM TD-LTE APAC 256GB XQ-CT72  (Sony PDX-223),May 2022,Qualcomm Snapdragon 8 Gen 1 5G SM8450 (Waipio),5000 mAh,12 GB,256 GB,12 MP,12 MP,1644x3840,AM-OLED,Google Android 12 (S)
Sony Xperia 10 IV 5G Dual SIM TD-LTE APAC 128GB XQ-CC72  (Sony PDX-225),Jun 2022,Qualcomm Snapdragon 695 5G SM6375,5000 mAh,6 GB,128 GB,12 MP,8 MP,1080x2520,AM-OLED,Google Android 12 (S)
Sony Xperia 10 IV 5G Global Dual SIM TD-LTE 128GB XQ-CC54  (Sony PDX-225),Jun 2022,Qualcomm Snapdragon 695 5G SM6375,5000 mAh,6 GB,128 GB,12 MP,8 MP,1080x2520,AM-OLED,Google Android 12 (S)
Sony Xperia 1 IV 5G UW Dual SIM TD-LTE JP 256GB XQ-CT24 A201SO  (Sony PDX-223),Jun 2022,Qualcomm Snapdragon 8 Gen 1 5G SM8450 (Waipio),5000 mAh,12 GB,256 GB,12 MP,12 MP,1644x3840,AM-OLED,Google Android 12 (S)
Sony Xperia 1 IV 5G UW Dual SIM TD-LTE JP 256GB XQ-CT14 SOG06  (Sony PDX-223),Jun 2022,Qualcomm Snapdragon 8 Gen 1 5G SM8450 (Waipio),5000 mAh,12 GB,256 GB,12 MP,12 MP,1644x3840,AM-OLED,Google Android 12 (S)
Sony Xperia 1 IV 5G UW Dual SIM TD-LTE JP 256GB XQ-CT04 SO-51C  (Sony PDX-223),Jun 2022,Qualcomm Snapdragon 8 Gen 1 5G SM8450 (Waipio),5000 mAh,12 GB,256 GB,12 MP,12 MP,1644x3840,AM-OLED,Google Android 12 (S)
Sony Xperia Ace III 5G TD-LTE JP 64GB SOG08  (Sony PDX-226),Jun 2022,Qualcomm Snapdragon 480 5G SM4350 (Holi),4500 mAh,4 GB,64 GB,13 MP,5 MP,720x1496,Color IPS TFT LCD,Google Android 12 (S)
Sony Xperia Ace III 5G TD-LTE JP 64GB A203SO  (Sony PDX-226),Jun 2022,Qualcomm Snapdragon 480 5G SM4350 (Holi),4500 mAh,4 GB,64 GB,13 MP,5 MP,720x1496,Color IPS TFT LCD,Google Android 12 (S)
Sony Xperia Ace III 5G TD-LTE JP 64GB SO-53C  (Sony PDX-226),Jun 2022,Qualcomm Snapdragon 480 5G SM4350 (Holi),4500 mAh,4 GB,64 GB,13 MP,5 MP,720x1496,Color IPS TFT LCD,Google Android 12 (S)
Sony Xperia 1 IV 5G Dual SIM TD-LTE EMEA 256GB XQ-CT54  (Sony PDX-223),Jun 2022,Qualcomm Snapdragon 8 Gen 1 5G SM8450 (Waipio),5000 mAh,12 GB,256 GB,12 MP,12 MP,1644x3840,AM-OLED,Google Android 12 (S)
Sony Xperia 10 IV 5G Dual SIM TD-LTE JP 128GB XQ-CC44  (Sony PDX-225),Jul 2022,Qualcomm Snapdragon 695 5G SM6375,5000 mAh,6 GB,128 GB,12 MP,8 MP,1080x2520,AM-OLED,Google Android 12 (S)
Sony Xperia 10 IV 5G TD-LTE JP 128GB A202SO  (Sony PDX-225),Jul 2022,Qualcomm Snapdragon 695 5G SM6375,5000 mAh,6 GB,128 GB,12 MP,8 MP,1080x2520,AM-OLED,Google Android 12 (S)
Sony Xperia 10 IV 5G TD-LTE JP 128GB SOG07  (Sony PDX-225),Jul 2022,Qualcomm Snapdragon 695 5G SM6375,5000 mAh,6 GB,128 GB,12 MP,8 MP,1080x2520,AM-OLED,Google Android 12 (S)
Sony Xperia 10 IV 5G TD-LTE JP 128GB SO-52C  (Sony PDX-225),Jul 2022,Qualcomm Snapdragon 695 5G SM6375,5000 mAh,6 GB,128 GB,12 MP,8 MP,1080x2520,AM-OLED,Google Android 12 (S)
Sony Xperia 1 IV 5G UW Dual SIM TD-LTE NA 512GB XQ-CT62  (Sony PDX-223),Sep 2022,Qualcomm Snapdragon 8 Gen 1 5G SM8450 (Waipio),5000 mAh,12 GB,512 GB,12 MP,12 MP,1644x3840,AM-OLED,Google Android 12 (S)
Sony Xperia 5 IV 5G Dual SIM TD-LTE APAC 256GB XQ-CQ72  (Sony PDX-224),Sep 2022,Qualcomm Snapdragon 8 Gen 1 5G SM8450 (Waipio),5000 mAh,8 GB,256 GB,12 MP,12 MP,1080x2520,AM-OLED,Google Android 12 (S)
Sony Xperia 1 IV 5G Dual SIM TD-LTE JP 512GB XQ-CT44  (Sony PDX-223),Sep 2022,Qualcomm Snapdragon 8 Gen 1 5G SM8450 (Waipio),5000 mAh,16 GB,512 GB,12 MP,12 MP,1644x3840,AM-OLED,Google Android 12 (S)
Sony Xperia 5 IV 5G Dual SIM TD-LTE EMEA 128GB XQ-CQ54  (Sony PDX-224),Sep 2022,Qualcomm Snapdragon 8 Gen 1 5G SM8450 (Waipio),5000 mAh,8 GB,128 GB,12 MP,12 MP,1080x2520,AM-OLED,Google Android 12 (S)
Sony Xperia 5 IV 5G Dual SIM TD-LTE NA 128GB XQ-CQ62  (Sony PDX-224),Sep 2022,Qualcomm Snapdragon 8 Gen 1 5G SM8450 (Waipio),5000 mAh,8 GB,128 GB,12 MP,12 MP,1080x2520,AM-OLED,Google Android 12 (S)
Sony Xperia 5 IV 5G Dual SIM TD-LTE JP 128GB A204SO  (Sony PDX-224),Oct 2022,Qualcomm Snapdragon 8 Gen 1 5G SM8450 (Waipio),5000 mAh,8 GB,128 GB,12 MP,12 MP,1080x2520,AM-OLED,Google Android 12 (S)
Sony Xperia 5 IV 5G Dual SIM TD-LTE JP 128GB SOG09  (Sony PDX-224),Oct 2022,Qualcomm Snapdragon 8 Gen 1 5G SM8450 (Waipio),5000 mAh,8 GB,128 GB,12 MP,12 MP,1080x2520,AM-OLED,Google Android 12 (S)
Sony Xperia 5 IV 5G Dual SIM TD-LTE JP 128GB SO-54C  (Sony PDX-224),Oct 2022,Qualcomm Snapdragon 8 Gen 1 5G SM8450 (Waipio),5000 mAh,8 GB,128 GB,12 MP,12 MP,1080x2520,AM-OLED,Google Android 12 (S)
Sony Xperia 5 IV 5G Dual SIM TD-LTE JP 128GB XQ-CQ44  (Sony PDX-224),Oct 2022,Qualcomm Snapdragon 8 Gen 1 5G SM8450 (Waipio),5000 mAh,8 GB,128 GB,12 MP,12 MP,1080x2520,AM-OLED,Google Android 12 (S)
Sony Xperia 10 V 5G Global Dual SIM TD-LTE 128GB XQ-DC54  (Sony PDX-235),Jun 2023,Qualcomm Snapdragon 695 5G SM6375,5000 mAh,6 GB,128 GB,48 MP,8 MP,1080x2520,AM-OLED,Google Android 13 (Tiramisu)
Sony Xperia 1 V 5G UW Gaming Edition Dual SIM TD-LTE JP 256GB XQ-DQ24 A301SO  (Sony PDX-234),Jun 2023,Qualcomm Snapdragon 8 Gen 2 5G SM8550-AB (Kalama),5000 mAh,12 GB,256 GB,12 MP,12 MP,1644x3840,AM-OLED,Google Android 13 (Tiramisu)
Sony Xperia 1 V 5G UW Dual SIM TD-LTE JP 256GB XQ-DQ14 SOG10  (Sony PDX-234),Jun 2023,Qualcomm Snapdragon 8 Gen 2 5G SM8550-AB (Kalama),5000 mAh,12 GB,256 GB,12 MP,12 MP,1644x3840,AM-OLED,Google Android 13 (Tiramisu)
Sony Xperia 1 V 5G UW Dual SIM TD-LTE JP 256GB XQ-DQ04 SO-51D   (Sony PDX-234),Jun 2023,Qualcomm Snapdragon 8 Gen 2 5G SM8550-AB (Kalama),5000 mAh,12 GB,256 GB,12 MP,12 MP,1644x3840,AM-OLED,Google Android 13 (Tiramisu)
Sony Xperia 1 V 5G Dual SIM TD-LTE EMEA 256GB XQ-DQ54  (Sony PDX-234),Jun 2023,Qualcomm Snapdragon 8 Gen 2 5G SM8550-AB (Kalama),5000 mAh,12 GB,256 GB,12 MP,12 MP,1644x3840,AM-OLED,Google Android 13 (Tiramisu)
Sony Xperia 1 V 5G Dual SIM TD-LTE APAC 512GB XQ-DQ72  (Sony PDX-234),Jun 2023,Qualcomm Snapdragon 8 Gen 2 5G SM8550-AB (Kalama),5000 mAh,12 GB,512 GB,12 MP,12 MP,1644x3840,AM-OLED,Google Android 13 (Tiramisu)
Sony Xperia 1 V 5G Dual SIM TD-LTE APAC 256GB XQ-DQ72  (Sony PDX-234),Jun 2023,Qualcomm Snapdragon 8 Gen 2 5G SM8550-AB (Kalama),5000 mAh,12 GB,256 GB,12 MP,12 MP,1644x3840,AM-OLED,Google Android 13 (Tiramisu)
Sony Xperia 10 V 5G Dual SIM TD-LTE APAC 128GB XQ-DC72  (Sony PDX-235),Jul 2023,Qualcomm Snapdragon 695 5G SM6375,5000 mAh,8 GB,128 GB,48 MP,8 MP,1080x2520,AM-OLED,Google Android 13 (Tiramisu)
Sony Xperia 10 V 5G Dual SIM TD-LTE JP 128GB A302SO  (Sony PDX-235),Jul 2023,Qualcomm Snapdragon 695 5G SM6375,5000 mAh,6 GB,128 GB,48 MP,8 MP,1080x2520,AM-OLED,Google Android 13 (Tiramisu)
Sony Xperia 10 V 5G Dual SIM TD-LTE JP 128GB SOG11  (Sony PDX-235),Jul 2023,Qualcomm Snapdragon 695 5G SM6375,5000 mAh,6 GB,128 GB,48 MP,8 MP,1080x2520,AM-OLED,Google Android 13 (Tiramisu)
Sony Xperia 10 V 5G Dual SIM TD-LTE JP 128GB SO-52D  (Sony PDX-235),Jul 2023,Qualcomm Snapdragon 695 5G SM6375,5000 mAh,6 GB,128 GB,48 MP,8 MP,1080x2520,AM-OLED,Google Android 13 (Tiramisu)
Sony Xperia 1 V 5G Dual SIM TD-LTE JP 512GB XQ-DQ44  (Sony PDX-234),Jul 2023,Qualcomm Snapdragon 8 Gen 2 5G SM8550-AB (Kalama),5000 mAh,16 GB,256 GB,12 MP,12 MP,1644x3840,AM-OLED,Google Android 13 (Tiramisu)
Sony Xperia 1 V 5G UW Dual SIM TD-LTE NA 256GB XQ-DQ62  (Sony PDX-234),Jul 2023,Qualcomm Snapdragon 8 Gen 2 5G SM8550-AB (Kalama),5000 mAh,12 GB,256 GB,12 MP,12 MP,1644x3840,AM-OLED,Google Android 13 (Tiramisu)
Sony Xperia 10 V 5G Dual SIM TD-LTE JP 128GB XQ-DC44  (Sony PDX-235),Aug 2023,Qualcomm Snapdragon 695 5G SM6375,5000 mAh,6 GB,128 GB,48 MP,8 MP,1080x2520,AM-OLED,Google Android 13 (Tiramisu)
Sony Xperia 5 V 5G Dual SIM TD-LTE EMEA 128GB XQ-DE54  (Sony PDX-237),Sep 2023,Qualcomm Snapdragon 8 Gen 2 5G SM8550-AB (Kalama),5000 mAh,8 GB,128 GB,51 MP,12 MP,1080x2520,AM-OLED,Google Android 13 (Tiramisu)
Sony Xperia 5 V 5G Dual SIM TD-LTE APAC 256GB XQ-DE72  (Sony PDX-237),Sep 2023,Qualcomm Snapdragon 8 Gen 2 5G SM8550-AB (Kalama),5000 mAh,8 GB,256 GB,51 MP,12 MP,1080x2520,AM-OLED,Google Android 13 (Tiramisu)
Sony Xperia 5 V 5G Dual SIM TD-LTE JP 256GB XQ-DE44  (Sony PDX-237),Oct 2023,Qualcomm Snapdragon 8 Gen 2 5G SM8550-AB (Kalama),5000 mAh,8 GB,256 GB,51 MP,12 MP,1080x2520,AM-OLED,Google Android 13 (Tiramisu)
Sony Xperia 5 V 5G Dual SIM TD-LTE JP 128GB SOG12  (Sony PDX-237),Oct 2023,Qualcomm Snapdragon 8 Gen 2 5G SM8550-AB (Kalama),5000 mAh,8 GB,128 GB,51 MP,12 MP,1080x2520,AM-OLED,Google Android 13 (Tiramisu)
Sony Xperia 5 V 5G Dual SIM TD-LTE JP 128GB XQ-DE44  (Sony PDX-237),Oct 2023,Qualcomm Snapdragon 8 Gen 2 5G SM8550-AB (Kalama),5000 mAh,8 GB,128 GB,51 MP,12 MP,1080x2520,AM-OLED,Google Android 13 (Tiramisu)
Sony Xperia 5 V 5G Dual SIM TD-LTE JP 128GB SO-53D  (Sony PDX-237),Oct 2023,Qualcomm Snapdragon 8 Gen 2 5G SM8550-AB (Kalama),5000 mAh,8 GB,128 GB,51 MP,12 MP,1080x2520,AM-OLED,Google Android 13 (Tiramisu)
Sony Xperia 10 V 5G Fun Edition Dual SIM TD-LTE JP 128GB SO-52D  (Sony PDX-235),Jan 2024,Qualcomm Snapdragon 695 5G SM6375,5000 mAh,6 GB,128 GB,48 MP,8 MP,1080x2520,AM-OLED,Google Android 13 (Tiramisu)
Sony Xperia 1 VI 5G Standard Edition Dual SIM TD-LTE APAC 512GB XQ-EC72  (Sony PDX-245),May 2024,Qualcomm Snapdragon 8 Gen 3 SM8650-AB (Lanai),5000 mAh,12 GB,512 GB,12 MP,12 MP,1080x2340,AM-OLED,Google Android 14 (Upside Down Cake)
Sony Xperia 1 VI 5G Standard Edition Dual SIM TD-LTE APAC 256GB XQ-EC72  (Sony PDX-245),May 2024,Qualcomm Snapdragon 8 Gen 3 SM8650-AB (Lanai),5000 mAh,12 GB,256 GB,12 MP,12 MP,1080x2340,AM-OLED,Google Android 14 (Upside Down Cake)
Sony Xperia 10 VI 5G Dual SIM TD-LTE APAC 128GB XQ-ES72  (Sony PDX-246),May 2024,Qualcomm Snapdragon 6 Gen 1 5G SM6450,5000 mAh,8 GB,128 GB,48 MP,8 MP,1080x2520,AM-OLED,Google Android 14 (Upside Down Cake)
Sony Xperia 1 VI 5G Standard Edition Dual SIM TD-LTE EMEA 256GB XQ-EC54  (Sony PDX-245),Jun 2024,Qualcomm Snapdragon 8 Gen 3 SM8650-AB (Lanai),5000 mAh,12 GB,256 GB,12 MP,12 MP,1080x2340,AM-OLED,Google Android 14 (Upside Down Cake)
Sony Xperia 1 VI 5G UW Standard Edition Dual SIM TD-LTE JP 256GB XQ-EC14 SOG13  (Sony PDX-245),Jun 2024,Qualcomm Snapdragon 8 Gen 3 SM8650-AB (Lanai),5000 mAh,12 GB,256 GB,12 MP,12 MP,1080x2340,AM-OLED,Google Android 14 (Upside Down Cake)
Sony Xperia 1 VI 5G UW Standard Edition Dual SIM TD-LTE JP 256GB XQ-EC04 SO-51E  (Sony PDX-245),Jun 2024,Qualcomm Snapdragon 8 Gen 3 SM8650-AB (Lanai),5000 mAh,12 GB,256 GB,12 MP,12 MP,1080x2340,AM-OLED,Google Android 14 (Upside Down Cake)
Sony Xperia 1 VI 5G UW Standard Edition Dual SIM TD-LTE JP 256GB XQ-EC24 A401SO  (Sony PDX-245),Jun 2024,Qualcomm Snapdragon 8 Gen 3 SM8650-AB (Lanai),5000 mAh,12 GB,256 GB,12 MP,12 MP,1080x2340,AM-OLED,Google Android 14 (Upside Down Cake)
Sony Xperia 10 VI 5G Global Dual SIM TD-LTE 128GB XQ-ES54  (Sony PDX-246),Jun 2024,Qualcomm Snapdragon 6 Gen 1 5G SM6450,5000 mAh,8 GB,128 GB,48 MP,8 MP,1080x2520,AM-OLED,Google Android 14 (Upside Down Cake)
Sony Xperia 1 VI 5G Standard Edition Dual SIM TD-LTE JP 512GB XQ-EC44  (Sony PDX-245),Jun 2024,Qualcomm Snapdragon 8 Gen 3 SM8650-AB (Lanai),5000 mAh,12 GB,512 GB,12 MP,12 MP,1080x2340,AM-OLED,Google Android 14 (Upside Down Cake)
Sony Xperia 1 VI 5G Standard Edition Dual SIM TD-LTE JP 256GB XQ-EC44  (Sony PDX-245),Jun 2024,Qualcomm Snapdragon 8 Gen 3 SM8650-AB (Lanai),5000 mAh,12 GB,256 GB,12 MP,12 MP,1080x2340,AM-OLED,Google Android 14 (Upside Down Cake)
Sony Xperia 10 VI 5G Dual SIM TD-LTE JP 128GB XQ-ES44  (Sony PDX-246),Jul 2024,Qualcomm Snapdragon 6 Gen 1 5G SM6450,5000 mAh,6 GB,128 GB,48 MP,8 MP,1080x2520,AM-OLED,Google Android 14 (Upside Down Cake)
Sony Xperia 10 VI 5G Dual SIM TD-LTE JP 128GB XQ-ES24 A402SO  (Sony PDX-246),Jul 2024,Qualcomm Snapdragon 6 Gen 1 5G SM6450,5000 mAh,6 GB,128 GB,48 MP,8 MP,1080x2520,AM-OLED,Google Android 14 (Upside Down Cake)
Sony Xperia 10 VI 5G Dual SIM TD-LTE JP 128GB XQ-ES04 SO-52E  (Sony PDX-246),Jul 2024,Qualcomm Snapdragon 6 Gen 1 5G SM6450,5000 mAh,6 GB,128 GB,48 MP,8 MP,1080x2520,AM-OLED,Google Android 14 (Upside Down Cake)
Sony Xperia 10 VI 5G Dual SIM TD-LTE JP 128GB XQ-ES14 SOG14  (Sony PDX-246),Jul 2024,Qualcomm Snapdragon 6 Gen 1 5G SM6450,5000 mAh,6 GB,128 GB,48 MP,8 MP,1080x2520,AM-OLED,Google Android 14 (Upside Down Cake)
Sony Xperia 1 VI 5G Premium Edition Dual SIM TD-LTE JP 512GB XQ-EC44  (Sony PDX-245),Aug 2024,Qualcomm Snapdragon 8 Gen 3 SM8650-AB (Lanai),5000 mAh,16 GB,512 GB,12 MP,12 MP,1080x2340,AM-OLED,Google Android 14 (Upside Down Cake)
Sony Xperia 1 VI 5G UW Dual SIM TD-LTE NA 256GB XQ-EC64  (Sony PDX-245),Sep 2024,Qualcomm Snapdragon 8 Gen 3 SM8650-AB (Lanai),5000 mAh,12 GB,256 GB,12 MP,12 MP,1080x2340,AM-OLED,Google Android 14 (Upside Down Cake)
